"Sub-Category","sales","quantity","profit","pbyq"
Copiers,10499.97,3,5039.9856,1679.995
Copiers,13999.96,4,6719.9808,1679.995
Copiers,11199.968,4,3919.9888,979.997
Binders,5443.96,4,2504.2216,626.055
Binders,1793.98,2,843.1706,421.585
Binders,2690.97,3,1264.7559,421.585
Binders,5083.96,5,1906.485,381.297
Machines,3059.982,2,679.996,339.998
Machines,5199.96,4,1351.9896,337.997
Machines,3404.5,5,1668.205,333.641
Copiers,1399.98,2,629.991,314.996
Copiers,2999.95,5,1439.976,287.995
Copiers,2999.95,5,1379.977,275.995
Binders,1577.94,3,757.4112,252.47
Binders,1577.94,3,757.4112,252.47
Binders,4305.552,6,1453.1238,242.187
Copiers,1199.98,2,467.9922,233.996
Phones,2479.96,4,743.988,185.997
Accessories,1687.8,4,742.632,185.658
Accessories,843.9,2,371.316,185.658
Binders,387.99,1,182.3553,182.355
Machines,4799.984,2,359.9988,179.999
Phones,1299.66,2,350.9082,175.454
Copiers,3359.952,6,1049.985,174.997
Phones,569.99,1,170.997,170.997
Copiers,2879.952,6,1007.9832,167.997
Copiers,959.984,2,335.9944,167.997
Copiers,2399.96,5,839.986,167.997
Binders,735.98,2,331.191,165.596
Binders,735.98,2,331.191,165.596
Copiers,879.984,2,329.994,164.997
Copiers,959.984,2,311.9948,155.997
Storage,1295.78,2,310.9872,155.494
Storage,2591.56,4,621.9744,155.494
Binders,841.568,2,294.5488,147.274
Copiers,1199.976,3,434.9913,144.997
Binders,914.97,3,411.7365,137.246
Phones,1879.96,4,545.1884,136.297
Phones,469.99,1,136.2971,136.297
Accessories,1649.95,5,659.98,131.996
Binders,2357.488,7,884.058,126.294
Accessories,1928.78,7,829.3754,118.482
Accessories,826.62,3,355.4466,118.482
Storage,1247.64,3,349.3392,116.446
Copiers,2399.96,5,569.9905,113.998
Phones,1259.97,3,327.5922,109.197
Phones,2939.93,7,764.3818,109.197
Accessories,659.9,2,217.767,108.884
Phones,1079.85,3,323.955,107.985
Binders,895.92,4,421.0824,105.271
Binders,931.176,3,314.2719,104.757
Binders,2793.528,9,942.8157,104.757
Binders,931.176,3,314.2719,104.757
Machines,1039.992,1,103.9992,103.999
Appliances,1089.75,3,305.13,101.71
Appliances,2405.2,8,793.716,99.214
Binders,1471.96,5,459.9875,91.998
Appliances,1640.7,5,459.396,91.879
Copiers,299.99,1,89.997,89.997
Chairs,1925.88,6,539.2464,89.874
Appliances,2504.74,7,626.185,89.455
Chairs,1805.88,6,523.7052,87.284
Chairs,300.98,1,87.2842,87.284
Tables,1504.52,4,346.0396,86.51
Accessories,1399.93,7,601.9699,85.996
Accessories,799.96,4,343.9828,85.996
Accessories,599.97,3,257.9871,85.996
Binders,2022.272,8,682.5168,85.315
Chairs,1458.65,5,423.0085,84.602
Chairs,701.96,2,168.4704,84.235
Chairs,701.96,2,168.4704,84.235
Chairs,897.15,3,251.202,83.734
Appliances,1473.1,5,412.468,82.494
Phones,1199.8,4,323.946,80.986
Phones,2399.6,8,647.892,80.986
Chairs,828.6,3,240.294,80.098
Machines,479.97,3,239.985,79.995
Binders,691.96,4,318.3016,79.575
Binders,169.99,1,78.1954,78.195
Binders,849.95,5,390.977,78.195
Binders,487.984,2,152.495,76.248
Chairs,872.94,3,226.9644,75.655
Chairs,2254.41,5,375.735,75.147
Envelopes,325.86,2,149.8956,74.948
Chairs,1779.9,5,373.779,74.756
Binders,497.94,3,224.073,74.691
Chairs,975.92,4,292.776,73.194
Chairs,487.96,2,146.388,73.194
Appliances,839.43,3,218.2518,72.751
Appliances,2518.29,9,654.7554,72.751
Machines,1919.976,3,215.9973,71.999
Bookcases,1497.666,2,140.9568,70.478
Machines,1704.89,11,767.2005,69.746
Appliances,189.0,1,68.04,68.04
Bookcases,782.94,3,203.5644,67.855
Tables,286.85,1,63.107,63.107
Tables,262.11,1,62.9064,62.906
Phones,1001.584,2,125.198,62.599
Phones,2003.168,4,250.396,62.599
Phones,430.88,2,124.9552,62.478
Chairs,1526.56,7,427.4368,61.062
Binders,895.92,5,302.373,60.475
Binders,895.92,5,302.373,60.475
Binders,895.92,5,302.373,60.475
Appliances,465.16,2,120.9416,60.471
Appliances,465.16,2,120.9416,60.471
Phones,411.98,2,119.4742,59.737
Chairs,476.8,2,119.2,59.6
Machines,506.28,3,177.198,59.066
Chairs,1586.69,7,412.5394,58.934
Phones,677.58,3,176.1708,58.724
Accessories,2249.91,9,517.4793,57.498
Phones,391.98,2,113.6742,56.837
Phones,979.95,5,284.1855,56.837
Machines,480.0,4,225.6,56.4
Chairs,866.4,4,225.264,56.316
Appliances,416.32,2,112.4064,56.203
Chairs,2888.127,11,609.7157,55.429
Accessories,655.9,5,275.478,55.096
Accessories,1049.44,8,440.7648,55.096
Phones,391.98,2,109.7544,54.877
Phones,546.06,3,163.818,54.606
Furnishings,1049.2,5,272.792,54.558
Accessories,159.99,1,54.3966,54.397
Copiers,319.984,2,107.9946,53.997
Storage,713.88,4,214.164,53.541
Phones,587.97,3,158.7519,52.917
Phones,979.95,5,264.5865,52.917
Storage,421.1,2,105.275,52.638
Storage,725.84,4,210.4936,52.623
Storage,1633.14,9,473.6106,52.623
Storage,544.38,3,157.8702,52.623
Storage,544.38,3,157.8702,52.623
Storage,725.84,4,210.4936,52.623
Chairs,1242.9,5,262.39,52.478
Tables,872.94,3,157.1292,52.376
Tables,2036.86,7,366.6348,52.376
Appliances,1245.86,7,361.2994,51.614
Bookcases,220.98,1,50.8254,50.825
Bookcases,441.96,2,101.6508,50.825
Machines,350.973,3,152.0883,50.696
Appliances,904.9,5,253.372,50.674
Appliances,542.94,3,152.0232,50.674
Appliances,542.94,3,152.0232,50.674
Paper,314.55,3,150.984,50.328
Paper,104.85,1,50.328,50.328
Paper,209.7,2,100.656,50.328
Paper,629.1,6,301.968,50.328
Paper,419.4,4,201.312,50.328
Tables,1137.75,5,250.305,50.061
Furnishings,198.46,2,99.23,49.615
Furnishings,198.46,2,99.23,49.615
Phones,164.99,1,49.497,49.497
Phones,824.95,5,247.485,49.497
Phones,494.97,3,148.491,49.497
Accessories,1287.45,5,244.6155,48.923
Accessories,1287.45,5,244.6155,48.923
Chairs,462.564,2,97.6524,48.826
Tables,607.52,2,97.2032,48.602
Labels,786.48,8,385.3752,48.172
Accessories,212.8,2,95.76,47.88
Storage,530.34,2,95.4612,47.731
Chairs,723.92,4,188.2192,47.055
Chairs,180.98,1,47.0548,47.055
Storage,360.38,2,93.6988,46.849
Storage,540.57,3,140.5482,46.849
Phones,1439.92,8,374.3792,46.797
Chairs,301.96,2,90.588,45.294
Chairs,603.92,4,181.176,45.294
Phones,1979.89,11,494.9725,44.998
Phones,539.97,3,134.9925,44.998
Phones,539.97,3,134.9925,44.998
Copiers,479.984,2,89.997,44.998
Binders,276.784,2,89.9548,44.977
Phones,307.98,2,89.3142,44.657
Phones,461.97,3,133.9713,44.657
Tables,521.96,2,88.7332,44.367
Accessories,389.97,3,132.5898,44.197
Accessories,99.99,1,43.9956,43.996
Accessories,199.98,2,87.9912,43.996
Phones,437.85,3,131.355,43.785
Phones,359.976,3,130.4913,43.497
Storage,330.4,2,85.904,42.952
Accessories,527.92,2,85.787,42.894
Accessories,1319.8,5,214.4675,42.894
Accessories,791.88,3,128.6805,42.893
Chairs,1282.41,5,213.735,42.747
Phones,751.984,2,84.5982,42.299
Bookcases,1194.165,5,210.735,42.147
Phones,1454.49,9,378.1674,42.019
Accessories,299.97,3,125.9874,41.996
Accessories,99.99,1,41.9958,41.996
Bookcases,1628.82,9,374.6286,41.625
Binders,663.92,5,207.475,41.495
Storage,1000.02,7,290.0058,41.429
Storage,571.44,4,165.7176,41.429
Storage,1000.02,7,290.0058,41.429
Envelopes,180.96,2,81.432,40.716
Storage,352.38,2,81.0474,40.524
Storage,704.76,4,162.0948,40.524
Storage,1085.42,7,282.2092,40.316
Storage,310.12,2,80.6312,40.316
Tables,892.98,2,80.3682,40.184
Envelopes,167.96,2,78.9412,39.471
Appliances,1704.56,13,511.368,39.336
Appliances,262.24,2,78.672,39.336
Chairs,1207.84,8,314.0384,39.255
Appliances,1924.16,8,312.676,39.084
Machines,343.2,1,38.61,38.61
Accessories,299.97,3,113.9886,37.996
Phones,299.9,2,74.975,37.488
Phones,257.98,2,74.8142,37.407
Tables,871.4,4,148.138,37.034
Phones,136.99,1,36.9873,36.987
Appliances,1702.12,14,510.636,36.474
Appliances,243.16,2,72.948,36.474
Accessories,439.8,4,145.134,36.284
Accessories,1099.5,10,362.835,36.284
Phones,863.88,3,107.985,35.995
Chairs,512.96,4,143.6288,35.907
Chairs,858.24,4,143.04,35.76
Furnishings,821.88,6,213.6888,35.615
Furnishings,273.96,2,71.2296,35.615
Chairs,280.792,1,35.099,35.099
Chairs,842.376,3,105.297,35.099
Tables,411.8,2,70.006,35.003
Tables,411.8,2,70.006,35.003
Accessories,199.98,2,69.993,34.996
Machines,2395.2,6,209.58,34.93
Binders,590.352,6,206.6232,34.437
Accessories,390.75,5,171.93,34.386
Phones,269.98,2,67.495,33.748
Phones,347.97,3,100.9113,33.637
Storage,665.408,2,66.5408,33.27
Storage,332.704,1,33.2704,33.27
Phones,377.97,3,98.2722,32.757
Phones,629.95,5,163.787,32.757
Storage,261.74,2,65.435,32.718
Accessories,360.0,4,129.6,32.4
Chairs,2054.272,8,256.784,32.098
Phones,503.96,4,125.99,31.498
Binders,127.96,2,62.7004,31.35
Storage,1443.96,12,375.4296,31.286
Storage,481.32,4,125.1432,31.286
Storage,323.1,2,61.389,30.694
Accessories,84.99,1,30.5964,30.596
Appliances,137.62,2,60.5528,30.276
Appliances,362.94,3,90.735,30.245
Appliances,241.96,2,60.49,30.245
Chairs,271.764,2,60.392,30.196
Bookcases,240.784,1,30.098,30.098
Copiers,479.984,2,59.998,29.999
Copiers,479.984,2,59.998,29.999
Accessories,142.8,1,29.988,29.988
Furnishings,396.92,5,148.845,29.769
Chairs,892.224,3,89.2224,29.741
Chairs,594.816,2,59.4816,29.741
Paper,251.64,3,88.074,29.358
Paper,251.64,3,88.074,29.358
Paper,83.88,1,29.358,29.358
Paper,419.4,5,146.79,29.358
Paper,419.4,5,146.79,29.358
Storage,1575.14,7,204.7682,29.253
Storage,675.06,3,87.7578,29.253
Tables,1669.6,4,116.872,29.218
Tables,292.1,2,58.42,29.21
Chairs,488.646,3,86.8704,28.957
Chairs,977.292,6,173.7408,28.957
Accessories,319.96,4,115.1856,28.796
Accessories,79.99,1,28.7964,28.796
Accessories,399.95,5,143.982,28.796
Accessories,399.95,5,143.982,28.796
Accessories,79.99,1,28.7964,28.796
Accessories,179.97,3,86.3856,28.795
Accessories,119.98,2,57.5904,28.795
Accessories,239.96,4,115.1808,28.795
Envelopes,182.94,3,85.9818,28.661
Labels,235.944,3,85.5297,28.51
Accessories,284.97,3,85.491,28.497
Accessories,474.95,5,142.485,28.497
Appliances,706.86,7,197.9208,28.274
Appliances,209.3,2,56.511,28.256
Phones,2239.936,8,223.9936,27.999
Furnishings,477.3,5,138.417,27.683
Binders,478.24,8,219.9904,27.499
Paper,55.98,1,27.4302,27.43
Paper,223.92,4,109.7208,27.43
Paper,279.9,5,137.151,27.43
Paper,167.94,3,82.2906,27.43
Paper,279.9,5,137.151,27.43
Paper,447.84,8,219.4416,27.43
Paper,167.94,3,82.2906,27.43
Tables,248.98,2,54.7756,27.388
Binders,174.3,3,81.921,27.307
Accessories,383.976,3,81.5949,27.198
Accessories,895.944,7,190.3881,27.198
Chairs,963.136,4,108.3528,27.088
Storage,579.51,3,81.1314,27.044
Paper,109.92,2,53.8608,26.93
Paper,219.84,4,107.7216,26.93
Paper,164.88,3,80.7912,26.93
Paper,274.8,5,134.652,26.93
Paper,164.88,3,80.7912,26.93
Phones,671.93,7,188.1404,26.877
Paper,592.74,6,160.0398,26.673
Tables,2665.62,9,239.9058,26.656
Machines,532.72,2,53.272,26.636
Paper,166.44,3,79.8912,26.63
Paper,221.92,4,106.5216,26.63
Paper,277.4,5,133.152,26.63
Paper,166.44,3,79.8912,26.63
Paper,277.4,5,133.152,26.63
Paper,166.44,3,79.8912,26.63
Paper,110.96,2,53.2608,26.63
Paper,110.96,2,53.2608,26.63
Furnishings,306.9,3,79.794,26.598
Furnishings,102.3,1,26.598,26.598
Furnishings,511.5,5,132.99,26.598
Bookcases,359.97,3,79.1934,26.398
Phones,281.97,3,78.9516,26.317
Appliances,1158.12,5,130.2885,26.058
Machines,385.8,5,130.2075,26.042
Appliances,314.6,4,103.818,25.954
Phones,191.98,2,51.8346,25.917
Phones,287.97,3,77.7519,25.917
Chairs,207.184,1,25.898,25.898
Chairs,258.75,3,77.625,25.875
Bookcases,1292.94,3,77.5764,25.859
Bookcases,2154.9,5,129.294,25.859
Accessories,291.96,4,102.186,25.546
Furnishings,210.68,2,50.5632,25.282
Bookcases,302.94,3,75.735,25.245
Chairs,908.82,9,227.205,25.245
Phones,671.984,2,50.3988,25.199
Phones,4367.896,13,327.5922,25.199
Phones,1145.6,4,100.24,25.06
Phones,859.2,3,75.18,25.06
Chairs,2404.704,6,150.294,25.049
Copiers,899.982,3,74.9985,25.0
Accessories,1496.16,9,224.424,24.936
Chairs,220.96,1,24.858,24.858
Paper,146.82,3,73.41,24.47
Paper,195.76,4,97.88,24.47
Paper,146.82,3,73.41,24.47
Chairs,390.368,2,48.796,24.398
Chairs,302.67,3,72.6408,24.214
Chairs,302.67,3,72.6408,24.214
Chairs,271.764,2,48.3136,24.157
Appliances,160.96,2,48.288,24.144
Appliances,321.92,4,96.576,24.144
Appliances,80.48,1,24.144,24.144
Accessories,239.97,3,71.991,23.997
Accessories,159.98,2,47.994,23.997
Chairs,478.48,2,47.848,23.924
Chairs,239.24,1,23.924,23.924
Chairs,423.648,2,47.6604,23.83
Appliances,942.784,4,94.2784,23.57
Accessories,252.0,4,93.24,23.31
Bookcases,302.94,3,69.6762,23.225
Paper,192.16,4,92.2368,23.059
Paper,288.24,6,138.3552,23.059
Paper,96.08,2,46.1184,23.059
Paper,192.16,4,92.2368,23.059
Paper,143.7,3,68.976,22.992
Paper,191.6,4,91.968,22.992
Paper,143.7,3,68.976,22.992
Paper,97.82,2,45.9754,22.988
Paper,244.55,5,114.9385,22.988
Paper,244.55,5,114.9385,22.988
Paper,440.19,9,206.8893,22.988
Paper,244.55,5,114.9385,22.988
Paper,195.64,4,91.9508,22.988
Paper,244.55,5,114.9385,22.988
Appliances,406.6,5,113.848,22.77
Envelopes,268.576,4,90.6444,22.661
Tables,452.94,3,67.941,22.647
Appliances,400.8,5,112.224,22.445
Appliances,320.64,4,89.7792,22.445
Phones,239.97,3,67.1916,22.397
Tables,257.94,3,67.0644,22.355
Accessories,1115.91,9,200.8638,22.318
Accessories,619.95,5,111.591,22.318
Accessories,371.97,3,66.9546,22.318
Accessories,79.992,1,21.9978,21.998
Accessories,239.976,3,65.9934,21.998
Accessories,159.984,2,43.9956,21.998
Phones,89.98,2,43.1904,21.595
Accessories,258.696,3,64.674,21.558
Accessories,431.16,5,107.79,21.558
Furnishings,107.53,1,21.506,21.506
Accessories,99.98,2,42.9914,21.496
Accessories,199.96,4,85.9828,21.496
Furnishings,529.9,5,105.98,21.196
Appliances,647.84,8,168.4384,21.055
Appliances,69.48,1,20.844,20.844
Appliances,208.44,3,62.532,20.844
Storage,166.72,2,41.68,20.84
Appliances,663.936,4,82.992,20.748
Tables,70.98,1,20.5842,20.584
Bookcases,638.82,9,185.2578,20.584
Bookcases,141.96,2,41.1684,20.584
Bookcases,241.96,2,41.1332,20.567
Paper,122.97,3,60.2553,20.085
Paper,286.93,7,140.5957,20.085
Paper,204.95,5,100.4255,20.085
Paper,163.96,4,80.3404,20.085
Paper,40.99,1,20.0851,20.085
Paper,286.93,7,140.5957,20.085
Paper,204.95,5,100.4255,20.085
Paper,40.99,1,20.0851,20.085
Binders,43.41,1,19.9686,19.969
Binders,477.51,11,219.6546,19.969
Phones,79.1,2,39.55,19.775
Binders,327.84,8,157.3632,19.67
Machines,239.984,2,38.9974,19.499
Phones,344.704,2,38.7792,19.39
Phones,689.408,4,77.5584,19.39
Furnishings,46.94,1,19.2454,19.245
Furnishings,187.76,4,76.9816,19.245
Chairs,498.26,7,134.5302,19.219
Phones,197.97,3,57.4113,19.137
Accessories,238.0,2,38.08,19.04
Accessories,595.0,5,95.2,19.04
Accessories,238.0,2,38.08,19.04
Accessories,1071.0,9,171.36,19.04
Bookcases,199.98,2,37.9962,18.998
Paper,116.28,3,56.9772,18.992
Storage,1126.02,3,56.301,18.767
Storage,375.34,1,18.767,18.767
Storage,750.68,2,37.534,18.767
Binders,234.36,6,112.4928,18.749
Bookcases,84.98,1,18.6956,18.696
Binders,102.368,2,37.1084,18.554
Phones,164.792,1,18.5391,18.539
Appliances,638.73,9,166.0698,18.452
Appliances,203.52,3,54.9504,18.317
Appliances,281.34,6,109.7226,18.287
Appliances,140.67,3,54.8613,18.287
Furnishings,474.43,11,199.2606,18.115
Furnishings,129.39,3,54.3438,18.115
Accessories,479.952,6,107.9892,17.998
Envelopes,79.96,2,35.982,17.991
Storage,285.552,2,35.694,17.847
Storage,142.776,1,17.847,17.847
Phones,131.98,2,35.6346,17.817
Bookcases,212.94,3,53.235,17.745
Chairs,141.96,2,35.49,17.745
Appliances,426.79,7,123.7691,17.681
Appliances,121.94,2,35.3626,17.681
Phones,470.376,3,52.9173,17.639
Phones,627.168,4,70.5564,17.639
Phones,156.792,1,17.6391,17.639
Phones,470.376,3,52.9173,17.639
Accessories,214.95,5,88.1295,17.626
Accessories,163.96,4,70.5028,17.626
Accessories,159.8,4,70.312,17.578
Accessories,199.75,5,87.89,17.578
Accessories,159.8,4,70.312,17.578
Accessories,449.91,9,157.4685,17.496
Chairs,698.352,3,52.3764,17.459
Chairs,523.392,3,52.3392,17.446
Binders,287.92,8,138.2016,17.275
Binders,563.024,11,190.0206,17.275
Binders,153.552,3,51.8238,17.275
Binders,34.54,1,17.27,17.27
Phones,207.0,3,51.75,17.25
Phones,65.99,1,17.1574,17.157
Phones,65.99,1,17.1574,17.157
Phones,395.94,6,102.9444,17.157
Chairs,269.97,3,51.2943,17.098
Phones,455.712,2,34.1784,17.089
Phones,543.92,8,135.98,16.998
Phones,543.92,8,135.98,16.998
Phones,271.96,4,67.99,16.998
Furnishings,109.48,2,33.9388,16.969
Bookcases,241.96,2,33.8744,16.937
Appliances,180.66,3,50.5848,16.862
Binders,107.648,2,33.64,16.82
Accessories,239.96,5,83.986,16.797
Appliances,119.96,2,33.5888,16.794
Appliances,179.94,3,50.3832,16.794
Storage,559.62,9,151.0974,16.789
Storage,124.36,2,33.5772,16.789
Storage,186.54,3,50.3658,16.789
Storage,478.08,8,133.8624,16.733
Storage,59.76,1,16.7328,16.733
Phones,119.02,2,33.3256,16.663
Paper,106.32,3,49.9704,16.657
Paper,177.2,5,83.284,16.657
Paper,318.96,9,149.9112,16.657
Paper,106.32,3,49.9704,16.657
Supplies,1665.62,2,33.3124,16.656
Supplies,4164.05,5,83.281,16.656
Binders,299.52,9,149.76,16.64
Binders,242.48,7,116.3904,16.627
Chairs,301.96,2,33.2156,16.608
Furnishings,276.69,3,49.8042,16.601
Furnishings,276.69,3,49.8042,16.601
Machines,597.132,3,49.761,16.587
Appliances,227.84,4,66.0736,16.518
Phones,659.976,3,49.4982,16.499
Phones,659.976,3,49.4982,16.499
Storage,580.672,4,65.3256,16.331
Storage,290.336,2,32.6628,16.331
Chairs,172.764,2,32.6332,16.317
Paper,89.568,2,32.4684,16.234
Paper,44.784,1,16.2342,16.234
Envelopes,251.58,7,113.211,16.173
Chairs,504.9,5,80.784,16.157
Binders,102.93,3,48.3771,16.126
Binders,102.93,3,48.3771,16.126
Paper,307.776,7,111.5688,15.938
Paper,175.872,4,63.7536,15.938
Phones,167.968,4,62.988,15.747
Accessories,109.53,3,47.0979,15.699
Binders,185.92,4,62.748,15.687
Phones,470.376,3,47.0376,15.679
Phones,374.376,3,46.797,15.599
Phones,124.792,1,15.599,15.599
Binders,239.12,5,77.714,15.543
Paper,88.768,2,31.0688,15.534
Paper,44.384,1,15.5344,15.534
Paper,177.536,4,62.1376,15.534
Furnishings,155.25,3,46.575,15.525
Furnishings,51.75,1,15.525,15.525
Furnishings,51.75,1,15.525,15.525
Chairs,1141.938,9,139.5702,15.508
Appliances,108.96,2,30.5088,15.254
Appliances,381.36,7,106.7808,15.254
Chairs,304.45,5,76.1125,15.222
Chairs,182.22,3,45.555,15.185
Chairs,232.88,4,60.5488,15.137
Phones,604.768,4,60.4768,15.119
Chairs,362.352,3,45.294,15.098
Accessories,1119.888,14,209.979,14.999
Machines,336.51,3,44.868,14.956
Chairs,664.146,6,88.5528,14.759
Accessories,79.78,2,29.5186,14.759
Accessories,159.56,4,59.0372,14.759
Accessories,39.89,1,14.7593,14.759
Phones,471.92,2,29.495,14.748
Phones,1415.76,6,88.485,14.748
Phones,707.88,3,44.2425,14.748
Paper,78.304,2,29.364,14.682
Paper,78.304,2,29.364,14.682
Paper,274.064,7,102.774,14.682
Furnishings,86.26,2,29.3284,14.664
Phones,116.98,2,29.245,14.622
Appliances,499.584,3,43.7136,14.571
Furnishings,520.05,5,72.807,14.561
Chairs,90.99,1,14.5584,14.558
Chairs,272.97,3,43.6752,14.558
Storage,221.16,4,57.5016,14.375
Storage,286.15,5,71.5375,14.308
Appliances,356.79,7,99.9012,14.272
Chairs,683.952,3,42.747,14.249
Furnishings,196.45,5,70.722,14.144
Chairs,90.801,1,14.1246,14.125
Appliances,97.16,2,28.1764,14.088
Chairs,321.568,2,28.1372,14.069
Labels,91.59,3,42.1314,14.044
Labels,61.06,2,28.0876,14.044
Labels,152.65,5,70.219,14.044
Binders,145.85,5,70.008,14.002
Binders,58.34,2,28.0032,14.002
Copiers,599.97,5,69.9965,13.999
Binders,91.2,3,41.952,13.984
Art,385.6,8,111.824,13.978
Bookcases,174.42,3,41.8608,13.954
Paper,92.94,3,41.823,13.941
Paper,61.96,2,27.882,13.941
Paper,154.9,5,69.705,13.941
Paper,61.96,2,27.882,13.941
Phones,358.2,3,41.79,13.93
Phones,492.768,4,55.4364,13.859
Furnishings,148.02,3,41.4456,13.815
Appliances,254.9,5,68.823,13.765
Appliances,152.94,3,41.2938,13.765
Furnishings,220.064,4,55.016,13.754
Furnishings,124.36,2,27.3592,13.68
Chairs,906.68,5,68.001,13.6
Accessories,271.968,4,54.3936,13.598
Accessories,132.52,4,54.3332,13.583
Accessories,99.39,3,40.7499,13.583
Accessories,132.52,4,54.3332,13.583
Phones,361.376,2,27.1032,13.552
Phones,1626.192,9,121.9644,13.552
Chairs,368.97,3,40.5867,13.529
Phones,629.958,7,94.4937,13.499
Furnishings,126.3,3,40.416,13.472
Furnishings,547.3,13,175.136,13.472
Furnishings,126.3,3,40.416,13.472
Paper,192.16,5,67.256,13.451
Paper,115.296,3,40.3536,13.451
Paper,115.296,3,40.3536,13.451
Paper,76.864,2,26.9024,13.451
Accessories,167.97,3,40.3128,13.438
Paper,268.24,7,93.884,13.412
Paper,273.896,7,92.4399,13.206
Accessories,79.98,2,26.3934,13.197
Accessories,59.98,2,26.3912,13.196
Appliances,209.792,2,26.224,13.112
Storage,217.85,5,65.355,13.071
Storage,130.71,3,39.213,13.071
Storage,348.56,8,104.568,13.071
Chairs,1212.96,7,90.972,12.996
Storage,114.288,1,12.8574,12.857
Binders,171.2,5,64.2,12.84
Accessories,127.984,2,25.5968,12.798
Accessories,191.976,3,38.3952,12.798
Accessories,199.95,5,63.984,12.797
Accessories,159.96,4,51.1872,12.797
Accessories,199.95,5,63.984,12.797
Bookcases,115.96,2,25.5112,12.756
Chairs,163.764,2,25.4744,12.737
Furnishings,121.3,2,25.473,12.736
Furnishings,181.95,3,38.2095,12.736
Furnishings,545.85,9,114.6285,12.736
Appliances,97.84,2,25.4384,12.719
Appliances,97.84,2,25.4384,12.719
Appliances,195.68,4,50.8768,12.719
Furnishings,30.93,1,12.6813,12.681
Furnishings,247.44,8,101.4504,12.681
Phones,71.984,2,25.1944,12.597
Accessories,89.97,3,37.7874,12.596
Furnishings,1007.232,6,75.5424,12.59
Phones,89.9,2,25.172,12.586
Furnishings,145.9,5,62.737,12.547
Appliances,214.9,5,62.321,12.464
Binders,102.72,3,37.236,12.412
Appliances,389.056,4,48.632,12.158
Paper,184.66,7,84.9436,12.135
Paper,26.38,1,12.1348,12.135
Paper,26.38,1,12.1348,12.135
Paper,79.14,3,36.4044,12.135
Paper,158.28,6,72.8088,12.135
Paper,211.04,8,97.0784,12.135
Paper,52.76,2,24.2696,12.135
Tables,356.85,5,60.6645,12.133
Chairs,128.124,2,24.2012,12.101
Appliances,125.13,3,36.2877,12.096
Envelopes,47.98,2,23.99,11.995
Phones,383.84,4,47.98,11.995
Phones,137.94,3,35.8644,11.955
Furnishings,139.92,2,23.7864,11.893
Furnishings,629.64,9,107.0388,11.893
Paper,229.544,7,83.2097,11.887
Paper,229.544,7,83.2097,11.887
Paper,163.96,5,59.4355,11.887
Paper,65.584,2,23.7742,11.887
Paper,163.96,5,59.4355,11.887
Paper,65.584,2,23.7742,11.887
Binders,295.056,9,106.9578,11.884
Art,131.94,3,35.6238,11.875
Art,219.9,5,59.373,11.875
Phones,126.56,4,47.46,11.865
Chairs,261.96,2,23.5764,11.788
Phones,90.48,2,23.5248,11.762
Furnishings,26.72,1,11.7568,11.757
Furnishings,310.88,2,23.316,11.658
Accessories,113.52,4,46.5432,11.636
Accessories,141.9,5,58.179,11.636
Phones,103.192,1,11.6091,11.609
Phones,206.384,2,23.2182,11.609
Phones,39.99,1,11.5971,11.597
Tables,1478.272,8,92.392,11.549
Accessories,79.984,2,22.9954,11.498
Accessories,279.944,7,80.4839,11.498
Binders,124.75,5,57.385,11.477
Binders,65.568,2,22.9488,11.474
Appliances,286.86,7,80.3208,11.474
Appliances,176.04,4,45.7704,11.443
Art,227.88,6,68.364,11.394
Art,113.94,3,34.182,11.394
Furnishings,162.6,3,34.146,11.382
Tables,283.56,4,45.3696,11.342
Binders,90.48,3,33.93,11.31
Binders,90.48,3,33.93,11.31
Binders,150.8,5,56.55,11.31
Binders,69.456,2,22.5732,11.287
Binders,312.552,9,101.5794,11.287
Tables,300.904,1,11.2839,11.284
Tables,300.904,1,11.2839,11.284
Chairs,225.296,2,22.5296,11.265
Furnishings,27.42,1,11.2422,11.242
Furnishings,274.2,10,112.422,11.242
Phones,41.22,1,11.1294,11.129
Phones,206.1,5,55.647,11.129
Phones,206.1,5,55.647,11.129
Phones,444.768,4,44.4768,11.119
Storage,85.52,2,22.2352,11.118
Storage,42.76,1,11.1176,11.118
Storage,42.76,1,11.1176,11.118
Appliances,76.12,2,22.0748,11.037
Phones,37.91,1,10.9939,10.994
Phones,227.46,6,65.9634,10.994
Phones,87.8,4,43.9,10.975
Accessories,408.744,7,76.6395,10.948
Phones,124.792,1,10.9193,10.919
Accessories,36.32,1,10.896,10.896
Accessories,435.84,12,130.752,10.896
Accessories,72.64,2,21.792,10.896
Accessories,108.96,3,32.688,10.896
Storage,720.76,5,54.057,10.811
Furnishings,64.96,2,21.4368,10.718
Accessories,100.8,2,21.42,10.71
Accessories,296.85,5,53.433,10.687
Accessories,178.11,3,32.0598,10.687
Chairs,191.646,3,31.941,10.647
Bookcases,482.664,8,85.176,10.647
Storage,226.56,6,63.4368,10.573
Storage,37.76,1,10.5728,10.573
Tables,210.98,2,21.098,10.549
Storage,1347.52,8,84.22,10.528
Binders,89.52,4,42.0744,10.519
Paper,68.52,3,31.5192,10.506
Paper,45.68,2,21.0128,10.506
Bookcases,459.92,4,41.3928,10.348
Paper,44.96,2,20.6816,10.341
Furnishings,154.95,3,30.99,10.33
Phones,823.96,5,51.4975,10.3
Furnishings,68.46,2,20.538,10.269
Paper,87.92,4,40.4432,10.111
Phones,503.96,5,50.396,10.079
Binders,86.376,3,30.2316,10.077
Binders,28.792,1,10.0772,10.077
Binders,172.752,6,60.4632,10.077
Binders,125.88,6,60.4224,10.07
Binders,146.86,7,70.4928,10.07
Furnishings,26.48,1,10.0624,10.062
Art,34.58,1,10.0282,10.028
Binders,79.872,3,29.952,9.984
Binders,133.12,5,49.92,9.984
Storage,264.32,2,19.824,9.912
Binders,41.28,2,19.8144,9.907
Accessories,91.96,4,39.5428,9.886
Furnishings,22.23,1,9.7812,9.781
Binders,41.54,2,19.5238,9.762
Storage,139.04,4,38.9312,9.733
Paper,69.52,2,19.4656,9.733
Phones,258.576,2,19.3932,9.697
Binders,221.056,8,77.3696,9.671
Accessories,205.03,7,67.6599,9.666
Accessories,146.45,5,48.3285,9.666
Phones,95.992,1,9.5992,9.599
Paper,99.9,5,47.952,9.59
Phones,219.184,2,19.1786,9.589
Accessories,95.88,3,28.764,9.588
Storage,248.57,7,67.1139,9.588
Accessories,63.92,2,19.176,9.588
Storage,177.55,5,47.9385,9.588
Paper,85.056,3,28.7064,9.569
Paper,85.056,3,28.7064,9.569
Paper,56.704,2,19.1376,9.569
Paper,56.704,2,19.1376,9.569
Phones,381.576,3,28.6182,9.539
Phones,508.768,4,38.1576,9.539
Furnishings,211.84,8,76.2624,9.533
Phones,761.544,7,66.6351,9.519
Accessories,227.976,3,28.497,9.499
Tables,568.728,3,28.4364,9.479
Tables,189.576,1,9.4788,9.479
Phones,215.968,2,18.8972,9.449
Phones,431.968,4,37.7972,9.449
Phones,104.85,3,28.3095,9.436
Paper,139.86,7,65.7342,9.391
Paper,39.96,2,18.7812,9.391
Paper,59.94,3,28.1718,9.391
Paper,79.92,4,37.5624,9.391
Paper,79.92,4,37.5624,9.391
Paper,39.96,2,18.7812,9.391
Accessories,258.9,10,93.204,9.32
Accessories,155.34,6,55.9224,9.32
Furnishings,22.72,1,9.3152,9.315
Storage,372.144,3,27.9108,9.304
Binders,54.896,2,18.5274,9.264
Binders,164.688,6,55.5822,9.264
Binders,88.752,3,27.735,9.245
Binders,147.92,5,46.225,9.245
Binders,147.92,5,46.225,9.245
Appliances,87.444,2,18.4604,9.23
Binders,73.344,3,27.504,9.168
Chairs,33.94,1,9.1638,9.164
Chairs,182.94,3,27.441,9.147
Tables,486.368,4,36.4776,9.119
Accessories,265.93,7,63.8232,9.118
Accessories,189.95,5,45.588,9.118
Binders,113.94,6,54.6912,9.115
Paper,94.85,5,45.528,9.106
Paper,37.94,2,18.2112,9.106
Paper,37.94,2,18.2112,9.106
Paper,37.94,2,18.2112,9.106
Paper,189.7,10,91.056,9.106
Paper,94.85,5,45.528,9.106
Art,209.94,6,54.5844,9.097
Art,174.95,5,45.487,9.097
Furnishings,88.02,3,27.2862,9.095
Furnishings,58.68,2,18.1908,9.095
Appliances,155.88,6,54.558,9.093
Chairs,362.352,3,27.1764,9.059
Phones,239.976,3,26.9973,8.999
Art,179.9,5,44.975,8.995
Envelopes,114.848,4,35.89,8.972
Binders,58.05,3,26.703,8.901
Accessories,239.97,3,26.3967,8.799
Accessories,479.94,6,52.7934,8.799
Art,175.44,6,52.632,8.772
Appliances,168.1,5,43.706,8.741
Appliances,168.1,5,43.706,8.741
Furnishings,40.48,2,17.4064,8.703
Furnishings,80.96,4,34.8128,8.703
Storage,173.8,5,43.45,8.69
Storage,104.28,3,26.07,8.69
Phones,95.84,4,34.742,8.686
Phones,95.84,4,34.742,8.686
Phones,89.95,5,43.176,8.635
Chairs,207.0,3,25.875,8.625
Furnishings,39.96,2,17.1828,8.591
Furnishings,19.98,1,8.5914,8.591
Binders,75.792,3,25.5798,8.527
Binders,75.792,3,25.5798,8.527
Phones,67.992,1,8.499,8.499
Envelopes,16.98,1,8.49,8.49
Storage,305.01,9,76.2525,8.472
Storage,67.78,2,16.945,8.472
Paper,87.6,5,42.048,8.41
Binders,112.12,5,42.045,8.409
Binders,22.424,1,8.409,8.409
Phones,86.97,3,25.2213,8.407
Bookcases,203.983,2,16.7986,8.399
Bookcases,917.9235,9,75.5937,8.399
Phones,119.96,4,33.5888,8.397
Accessories,116.832,4,33.5892,8.397
Art,123.92,4,33.4584,8.365
Phones,148.48,2,16.704,8.352
Phones,371.2,5,41.76,8.352
Phones,148.48,2,16.704,8.352
Phones,889.536,8,66.7152,8.339
Phones,222.384,2,16.6788,8.339
Phones,222.384,2,16.6788,8.339
Phones,333.576,3,25.0182,8.339
Binders,33.48,2,16.4052,8.203
Binders,46.672,2,16.3352,8.168
Binders,93.344,4,32.6704,8.168
Binders,46.672,2,16.3352,8.168
Furnishings,103.056,3,24.4758,8.159
Furnishings,68.704,2,16.3172,8.159
Art,119.04,6,48.8064,8.134
Paper,80.991,1,8.0991,8.099
Appliances,161.568,2,16.1568,8.078
Appliances,646.272,8,64.6272,8.078
Binders,82.4,5,40.376,8.075
Appliances,64.384,1,8.048,8.048
Accessories,127.984,2,15.998,7.999
Furnishings,199.9,5,39.98,7.996
Furnishings,119.94,3,23.988,7.996
Storage,166.45,5,39.948,7.99
Storage,99.87,3,23.9688,7.99
Storage,33.29,1,7.9896,7.99
Storage,99.87,3,23.9688,7.99
Storage,33.29,1,7.9896,7.99
Labels,122.12,5,39.689,7.938
Furnishings,37.68,2,15.8256,7.913
Furnishings,94.2,5,39.564,7.913
Binders,121.6,5,39.52,7.904
Binders,72.96,3,23.712,7.904
Furnishings,40.48,2,15.7872,7.894
Phones,55.98,2,15.6744,7.837
Furnishings,183.92,4,31.2664,7.817
Furnishings,91.96,2,15.6332,7.817
Furnishings,114.9,5,39.066,7.813
Furnishings,91.92,4,31.2528,7.813
Phones,499.168,4,31.198,7.8
Phones,1123.128,9,70.1955,7.799
Storage,324.9,5,38.988,7.798
Bookcases,145.74,3,23.3184,7.773
Storage,333.09,3,23.3163,7.772
Paper,223.056,9,69.705,7.745
Paper,49.568,2,15.49,7.745
Paper,74.352,3,23.235,7.745
Paper,24.784,1,7.745,7.745
Paper,74.352,3,23.235,7.745
Paper,123.92,5,38.725,7.745
Paper,74.352,3,23.235,7.745
Paper,74.352,3,23.235,7.745
Furnishings,128.9,2,15.468,7.734
Binders,30.88,2,15.44,7.72
Furnishings,60.84,3,23.1192,7.706
Furnishings,101.4,5,38.532,7.706
Binders,68.472,3,23.1093,7.703
Binders,64.12,4,30.7776,7.694
Phones,383.96,5,38.396,7.679
Chairs,230.28,3,23.028,7.676
Furnishings,409.216,8,61.3824,7.673
Storage,169.68,6,45.8136,7.636
Storage,56.56,2,15.2712,7.636
Storage,56.56,2,15.2712,7.636
Binders,45.78,3,22.89,7.63
Phones,406.368,4,30.4776,7.619
Furnishings,135.3,5,37.884,7.577
Furnishings,135.3,5,37.884,7.577
Phones,201.584,2,15.1188,7.559
Phones,302.376,3,22.6782,7.559
Phones,302.376,3,22.6782,7.559
Accessories,179.95,5,37.7895,7.558
Accessories,71.98,2,15.1158,7.558
Accessories,71.98,2,15.1158,7.558
Accessories,107.97,3,22.6737,7.558
Art,155.94,6,45.2226,7.537
Art,25.99,1,7.5371,7.537
Phones,299.96,5,37.495,7.499
Phones,419.944,7,52.493,7.499
Phones,119.96,1,7.4975,7.498
Accessories,166.16,8,59.8176,7.477
Accessories,62.31,3,22.4316,7.477
Furnishings,65.94,3,22.4196,7.473
Chairs,26.64,1,7.4592,7.459
Appliances,79.47,3,22.2516,7.417
Labels,29.6,2,14.8,7.4
Labels,59.2,4,29.6,7.4
Labels,74.0,5,37.0,7.4
Labels,44.4,3,22.2,7.4
Labels,74.0,5,37.0,7.4
Labels,133.2,9,66.6,7.4
Labels,44.4,3,22.2,7.4
Binders,101.84,5,36.917,7.383
Binders,40.736,2,14.7668,7.383
Envelopes,47.01,3,22.0947,7.365
Phones,74.95,5,36.7255,7.345
Phones,14.99,1,7.3451,7.345
Envelopes,21.744,1,7.3386,7.339
Envelopes,65.232,3,22.0158,7.339
Furnishings,22.23,1,7.3359,7.336
Appliances,167.44,2,14.651,7.326
Art,181.86,7,50.9208,7.274
Art,181.86,7,50.9208,7.274
Art,25.98,1,7.2744,7.274
Furnishings,127.95,3,21.7515,7.25
Supplies,240.37,1,7.2111,7.211
Accessories,47.992,1,7.1988,7.199
Accessories,431.928,9,64.7892,7.199
Accessories,191.968,4,28.7952,7.199
Accessories,119.96,5,35.988,7.198
Accessories,47.984,2,14.3952,7.198
Accessories,47.984,2,14.3952,7.198
Envelopes,57.576,3,21.591,7.197
Furnishings,199.8,10,71.928,7.193
Art,89.856,3,21.3408,7.114
Furnishings,18.7,1,7.106,7.106
Envelopes,62.96,4,28.332,7.083
Envelopes,104.68,5,35.3295,7.066
Bookcases,239.666,2,14.098,7.049
Envelopes,15.25,1,7.015,7.015
Accessories,39.992,1,6.9986,6.999
Accessories,104.88,6,41.952,6.992
Accessories,87.4,5,34.96,6.992
Accessories,71.0,4,27.69,6.922
Accessories,53.25,3,20.7675,6.922
Storage,237.096,3,20.7459,6.915
Paper,63.312,3,20.5764,6.859
Paper,63.312,3,20.5764,6.859
Paper,84.416,4,27.4352,6.859
Storage,118.25,5,34.2925,6.858
Furnishings,37.93,1,6.8274,6.827
Accessories,19.99,1,6.7966,6.797
Accessories,39.98,2,13.5932,6.797
Accessories,19.99,1,6.7966,6.797
Accessories,59.97,3,20.3898,6.797
Furnishings,201.04,8,54.2808,6.785
Accessories,95.736,3,20.3439,6.781
Accessories,63.824,2,13.5626,6.781
Binders,29.36,2,13.5056,6.753
Phones,323.976,3,20.2485,6.75
Chairs,307.136,4,26.8744,6.719
Phones,153.584,2,13.4386,6.719
Phones,537.544,7,47.0351,6.719
Binders,29.84,2,13.428,6.714
Accessories,209.94,6,39.8886,6.648
Accessories,71.976,3,19.7934,6.598
Binders,52.776,3,19.791,6.597
Art,87.92,4,26.376,6.594
Art,109.9,5,32.97,6.594
Phones,52.68,3,19.755,6.585
Accessories,140.97,3,19.7358,6.579
Accessories,234.95,5,32.893,6.579
Appliances,130.112,2,13.0112,6.506
Binders,99.68,5,32.396,6.479
Chairs,388.704,6,38.8704,6.478
Art,68.97,3,19.3116,6.437
Phones,191.976,3,19.1976,6.399
Furnishings,526.45,5,31.587,6.317
Furnishings,526.45,5,31.587,6.317
Furnishings,210.58,2,12.6348,6.317
Phones,201.584,2,12.599,6.3
Accessories,89.97,3,18.8937,6.298
Accessories,149.95,5,31.4895,6.298
Accessories,149.95,5,31.4895,6.298
Binders,100.704,6,37.764,6.294
Accessories,143.73,9,56.0547,6.228
Accessories,111.79,7,43.5981,6.228
Accessories,63.88,4,24.9132,6.228
Accessories,223.58,14,87.1962,6.228
Appliances,99.28,2,12.41,6.205
Storage,149.73,7,43.4217,6.203
Binders,51.312,3,18.6006,6.2
Phones,140.736,8,49.2576,6.157
Phones,35.184,2,12.3144,6.157
Art,70.95,3,18.447,6.149
Art,47.3,2,12.298,6.149
Appliances,35.04,2,12.264,6.132
Furnishings,62.72,4,24.4608,6.115
Accessories,38.04,2,12.1728,6.086
Accessories,57.06,3,18.2592,6.086
Chairs,272.646,3,18.1764,6.059
Chairs,302.94,3,18.1764,6.059
Binders,107.424,6,36.2556,6.043
Furnishings,34.504,1,6.0382,6.038
Machines,52.44,4,24.1224,6.031
Machines,78.66,6,36.1836,6.031
Accessories,95.984,2,11.998,5.999
Binders,51.312,3,17.9592,5.986
Accessories,158.928,7,41.7186,5.96
Accessories,45.408,2,11.9196,5.96
Art,19.83,1,5.949,5.949
Paper,54.816,3,17.8152,5.938
Paper,146.176,8,47.5072,5.938
Paper,91.36,5,29.692,5.938
Paper,91.36,5,29.692,5.938
Labels,75.18,6,35.3346,5.889
Labels,25.06,2,11.7782,5.889
Binders,12.53,1,5.8891,5.889
Labels,62.65,5,29.4455,5.889
Binders,83.92,5,29.372,5.874
Binders,117.488,7,41.1208,5.874
Binders,50.352,3,17.6232,5.874
Binders,50.352,3,17.6232,5.874
Binders,83.92,5,29.372,5.874
Accessories,26.0,2,11.7,5.85
Accessories,52.0,4,23.4,5.85
Envelopes,70.08,6,35.04,5.84
Envelopes,23.36,2,11.68,5.84
Accessories,33.18,2,11.613,5.806
Accessories,82.95,5,29.0325,5.806
Accessories,16.59,1,5.8065,5.806
Supplies,695.16,6,34.758,5.793
Supplies,347.58,3,17.379,5.793
Supplies,231.72,2,11.586,5.793
Furnishings,96.53,7,40.5426,5.792
Furnishings,41.37,3,17.3754,5.792
Furnishings,27.58,2,11.5836,5.792
Envelopes,23.16,2,11.58,5.79
Envelopes,57.9,5,28.95,5.79
Binders,82.56,5,28.896,5.779
Paper,24.56,2,11.5432,5.772
Paper,49.12,4,23.0864,5.772
Paper,24.56,2,11.5432,5.772
Paper,73.68,6,34.6296,5.772
Paper,49.12,4,23.0864,5.772
Paper,24.56,2,11.5432,5.772
Paper,12.28,1,5.7716,5.772
Paper,24.56,2,11.5432,5.772
Furnishings,43.872,2,11.5164,5.758
Envelopes,63.9,5,28.755,5.751
Binders,36.672,2,11.46,5.73
Storage,286.29,3,17.1774,5.726
Storage,763.44,8,45.8064,5.726
Storage,477.15,5,28.629,5.726
Storage,572.58,6,34.3548,5.726
Appliances,81.08,4,22.7024,5.676
Furnishings,77.6,5,28.13,5.626
Paper,91.84,8,45.0016,5.625
Binders,99.696,6,33.6474,5.608
Phones,55.992,1,5.5992,5.599
Phones,79.96,4,22.3888,5.597
Furnishings,139.58,7,39.0824,5.583
Art,64.14,3,16.6764,5.559
Paper,45.36,4,22.2264,5.557
Paper,45.36,4,22.2264,5.557
Paper,34.02,3,16.6698,5.557
Paper,68.04,6,33.3396,5.557
Paper,11.34,1,5.5566,5.557
Paper,11.54,1,5.5392,5.539
Furnishings,28.4,2,11.076,5.538
Furnishings,42.6,3,16.614,5.538
Appliances,61.44,3,16.5888,5.53
Appliances,81.92,4,22.1184,5.53
Appliances,61.44,3,16.5888,5.53
Furnishings,23.99,1,5.5177,5.518
Furnishings,71.97,3,16.5531,5.518
Envelopes,71.88,6,33.0648,5.511
Appliances,195.104,4,21.9492,5.487
Accessories,99.54,2,10.9494,5.475
Envelopes,76.58,7,38.29,5.47
Furnishings,41.96,2,10.9096,5.455
Furnishings,83.92,4,21.8192,5.455
Furnishings,41.96,2,10.9096,5.455
Art,40.3,2,10.881,5.44
Envelopes,22.18,2,10.8682,5.434
Storage,38.62,2,10.8136,5.407
Accessories,59.98,2,10.7964,5.398
Fasteners,45.92,4,21.5824,5.396
Paper,47.952,3,16.1838,5.395
Paper,143.856,9,48.5514,5.395
Paper,47.952,3,16.1838,5.395
Paper,47.952,3,16.1838,5.395
Furnishings,72.9,5,26.973,5.395
Binders,21.96,2,10.7604,5.38
Binders,54.9,5,26.901,5.38
Accessories,111.96,4,21.2724,5.318
Accessories,83.97,3,15.9543,5.318
Appliances,91.6,5,26.564,5.313
Art,46.2,4,21.252,5.313
Paper,45.528,3,15.9348,5.312
Paper,75.88,5,26.558,5.312
Furnishings,25.16,2,10.5672,5.284
Furnishings,50.32,4,21.1344,5.284
Supplies,122.71,7,36.813,5.259
Supplies,35.06,2,10.518,5.259
Supplies,70.12,4,21.036,5.259
Accessories,50.0,2,10.5,5.25
Bookcases,148.257,3,15.6978,5.233
Art,71.92,4,20.8568,5.214
Phones,545.916,14,72.7888,5.199
Furnishings,51.968,2,10.3936,5.197
Furnishings,77.952,3,15.5904,5.197
Furnishings,30.56,2,10.3904,5.195
Phones,119.7,6,31.122,5.187
Binders,34.5,3,15.525,5.175
Binders,34.5,3,15.525,5.175
Binders,53.9,5,25.872,5.174
Furnishings,157.74,11,56.7864,5.162
Art,59.52,3,15.4752,5.158
Art,59.52,3,15.4752,5.158
Art,59.52,3,15.4752,5.158
Art,99.2,5,25.792,5.158
Furnishings,61.0,5,25.62,5.124
Chairs,161.568,2,10.098,5.049
Chairs,242.352,3,15.147,5.049
Binders,119.616,8,40.3704,5.046
Binders,14.952,1,5.0463,5.046
Phones,43.176,3,15.1116,5.037
Binders,92.88,6,30.186,5.031
Binders,30.96,2,10.062,5.031
Supplies,34.48,2,9.9992,5.0
Chairs,113.888,2,9.9652,4.983
Labels,20.7,2,9.936,4.968
Labels,20.7,2,9.936,4.968
Labels,72.45,7,34.776,4.968
Labels,51.75,5,24.84,4.968
Labels,51.75,5,24.84,4.968
Labels,41.4,4,19.872,4.968
Labels,41.4,4,19.872,4.968
Labels,20.7,2,9.936,4.968
Accessories,63.96,4,19.8276,4.957
Phones,219.8,5,24.7275,4.946
Furnishings,54.92,4,19.7712,4.943
Furnishings,27.46,2,9.8856,4.943
Furnishings,27.46,2,9.8856,4.943
Furnishings,27.46,2,9.8856,4.943
Art,101.94,6,29.5626,4.927
Phones,196.776,3,14.7582,4.919
Phones,196.776,3,14.7582,4.919
Envelopes,42.68,4,19.6328,4.908
Envelopes,9.78,1,4.89,4.89
Appliances,33.99,3,14.6157,4.872
Appliances,90.64,8,38.9752,4.872
Binders,40.176,3,14.5638,4.855
Paper,51.55,5,24.2285,4.846
Chairs,1159.056,9,43.4646,4.829
Accessories,31.992,1,4.7988,4.799
Storage,95.616,2,9.5616,4.781
Furnishings,72.704,4,19.0848,4.771
Appliances,100.94,7,33.3102,4.759
Art,50.94,3,14.2632,4.754
Storage,49.96,2,9.4924,4.746
Binders,117.144,9,42.4647,4.718
Paper,26.032,2,9.4366,4.718
Phones,29.97,3,14.0859,4.695
Furnishings,101.12,8,37.4144,4.677
Furnishings,16.192,1,4.6552,4.655
Paper,9.68,1,4.6464,4.646
Storage,51.45,3,13.8915,4.631
Binders,39.624,3,13.8684,4.623
Phones,105.584,2,9.2386,4.619
Phones,369.544,7,32.3351,4.619
Phones,52.792,1,4.6193,4.619
Phones,158.376,3,13.8579,4.619
Accessories,59.97,3,13.7931,4.598
Furnishings,39.98,2,9.1954,4.598
Furnishings,99.95,5,22.9885,4.598
Phones,69.93,7,32.1678,4.595
Chairs,81.568,2,9.1764,4.588
Binders,18.28,2,9.14,4.57
Binders,36.56,4,18.28,4.57
Storage,16.91,1,4.5657,4.566
Storage,84.55,5,22.8285,4.566
Supplies,110.11,7,31.9319,4.562
Accessories,31.8,3,13.674,4.558
Tables,364.08,2,9.102,4.551
Paper,75.04,8,36.0192,4.502
Paper,18.76,2,9.0048,4.502
Paper,28.14,3,13.5072,4.502
Paper,37.52,4,18.0096,4.502
Machines,209.986,2,8.9994,4.5
Paper,39.96,4,17.982,4.496
Binders,25.584,2,8.9544,4.477
Paper,18.98,2,8.9206,4.46
Labels,47.36,4,17.76,4.44
Labels,71.04,6,26.64,4.44
Binders,17.76,2,8.88,4.44
Chairs,177.568,2,8.8784,4.439
Phones,84.95,5,22.087,4.417
Accessories,41.9,2,8.799,4.4
Accessories,104.75,5,21.9975,4.4
Accessories,199.95,5,21.9945,4.399
Appliances,272.048,7,30.6054,4.372
Appliances,43.584,1,4.3584,4.358
Storage,243.992,7,30.499,4.357
Storage,69.712,2,8.714,4.357
Paper,18.54,2,8.7138,4.357
Storage,348.208,7,30.4682,4.353
Storage,298.464,6,26.1156,4.353
Binders,60.83,7,30.415,4.345
Binders,17.38,2,8.69,4.345
Storage,62.04,4,17.3712,4.343
Binders,26.55,3,13.0095,4.336
Furnishings,129.93,3,12.993,4.331
Furnishings,37.74,3,12.8316,4.277
Furnishings,25.16,2,8.5544,4.277
Furnishings,25.16,2,8.5544,4.277
Furnishings,18.96,2,8.532,4.266
Furnishings,18.96,2,8.532,4.266
Furnishings,82.38,6,25.5378,4.256
Accessories,274.89,11,46.7313,4.248
Art,43.92,3,12.7368,4.246
Storage,81.4,5,21.164,4.233
Storage,65.12,4,16.9312,4.233
Storage,32.56,2,8.4656,4.233
Envelopes,37.608,3,12.6927,4.231
Storage,14.98,1,4.1944,4.194
Storage,59.92,4,16.7776,4.194
Storage,96.36,6,25.0536,4.176
Storage,16.06,1,4.1756,4.176
Art,99.3,10,41.706,4.171
Paper,50.04,6,25.02,4.17
Storage,200.064,3,12.504,4.168
Art,95.232,6,24.9984,4.166
Art,31.744,2,8.3328,4.166
Storage,92.52,6,24.9804,4.163
Furnishings,30.144,2,8.2896,4.145
Furnishings,120.576,8,33.1584,4.145
Accessories,41.424,2,8.2848,4.142
Phones,147.168,4,16.5564,4.139
Phones,183.96,5,20.6955,4.139
Phones,36.792,1,4.1391,4.139
Paper,44.75,5,20.585,4.117
Envelopes,43.7,5,20.539,4.108
Envelopes,17.48,2,8.2156,4.108
Paper,9.11,1,4.0995,4.1
Appliances,46.8,4,16.38,4.095
Paper,27.18,3,12.231,4.077
Appliances,40.74,3,12.222,4.074
Appliances,67.9,5,20.37,4.074
Appliances,54.32,4,16.296,4.074
Storage,14.03,1,4.0687,4.069
Bookcases,344.981,7,28.4102,4.059
Storage,153.78,11,44.5962,4.054
Binders,43.0,5,20.21,4.042
Storage,46.53,3,12.0978,4.033
Supplies,69.5,5,20.155,4.031
Supplies,97.3,7,28.217,4.031
Furnishings,29.78,2,8.0406,4.02
Furnishings,44.67,3,12.0609,4.02
Furnishings,14.89,1,4.0203,4.02
Furnishings,74.45,5,20.1015,4.02
Storage,46.26,3,12.0276,4.009
Paper,39.9,5,19.95,3.99
Paper,15.96,2,7.98,3.99
Paper,7.98,1,3.99,3.99
Paper,55.86,7,27.93,3.99
Furnishings,24.14,2,7.9662,3.983
Furnishings,12.07,1,3.9831,3.983
Phones,211.168,4,15.8376,3.959
Phones,369.544,7,27.7158,3.959
Phones,118.65,5,19.775,3.955
Appliances,72.8,5,19.656,3.931
Accessories,90.57,3,11.7741,3.925
Storage,94.2,6,23.55,3.925
Phones,195.96,5,19.596,3.919
Phones,195.96,5,19.596,3.919
Binders,81.088,7,27.3672,3.91
Binders,23.168,2,7.8192,3.91
Binders,84.056,7,27.3182,3.903
Binders,36.024,3,11.7078,3.903
Binders,46.24,4,15.606,3.902
Storage,15.58,1,3.895,3.895
Storage,46.74,3,11.685,3.895
Storage,31.16,2,7.79,3.895
Envelopes,57.96,7,27.2412,3.892
Binders,31.128,3,11.673,3.891
Binders,33.72,4,15.5112,3.878
Storage,15.51,1,3.8775,3.878
Storage,15.51,1,3.8775,3.878
Appliances,34.384,1,3.8682,3.868
Paper,16.34,2,7.6798,3.84
Accessories,46.36,4,15.2988,3.825
Accessories,23.18,2,7.6494,3.825
Binders,70.464,6,22.9008,3.817
Accessories,46.864,2,7.6154,3.808
Furnishings,101.52,5,19.035,3.807
Art,30.384,1,3.798,3.798
Art,121.536,4,15.192,3.798
Furnishings,18.96,2,7.584,3.792
Furnishings,47.4,5,18.96,3.792
Furnishings,66.36,7,26.544,3.792
Appliances,12.98,1,3.7642,3.764
Appliances,90.86,7,26.3494,3.764
Appliances,90.86,7,26.3494,3.764
Appliances,64.9,5,18.821,3.764
Envelopes,15.28,2,7.4872,3.744
Envelopes,15.28,2,7.4872,3.744
Envelopes,30.56,4,14.9744,3.744
Envelopes,15.28,2,7.4872,3.744
Art,59.1,6,22.458,3.743
Binders,107.424,9,33.57,3.73
Furnishings,123.96,3,11.1564,3.719
Binders,11.424,1,3.7128,3.713
Storage,91.99,1,3.6796,3.68
Storage,367.96,4,14.7184,3.68
Furnishings,56.56,4,14.7056,3.676
Furnishings,26.25,3,11.025,3.675
Furnishings,35.0,4,14.7,3.675
Furnishings,35.0,4,14.7,3.675
Appliances,48.784,1,3.6588,3.659
Envelopes,23.34,3,10.9698,3.657
Furnishings,32.448,2,7.3008,3.65
Supplies,13.98,1,3.6348,3.635
Appliances,41.91,3,10.8966,3.632
Appliances,24.18,2,7.254,3.627
Accessories,43.5,3,10.875,3.625
Accessories,48.9,5,18.093,3.619
Accessories,68.46,7,25.3302,3.619
Accessories,29.34,3,10.8558,3.619
Binders,40.2,5,18.09,3.618
Furnishings,39.08,4,14.4596,3.615
Paper,56.07,7,25.2315,3.605
Phones,159.96,5,17.9955,3.599
Phones,107.88,3,10.788,3.596
Phones,107.88,3,10.788,3.596
Phones,35.96,1,3.596,3.596
Paper,7.61,1,3.5767,3.577
Paper,22.83,3,10.7301,3.577
Storage,222.32,7,25.011,3.573
Appliances,81.568,2,7.1372,3.569
Chairs,569.568,2,7.1196,3.56
Fasteners,7.89,1,3.5505,3.55
Chairs,681.408,12,42.588,3.549
Storage,354.9,5,17.745,3.549
Storage,354.9,5,17.745,3.549
Storage,70.98,1,3.549,3.549
Storage,67.4,5,17.524,3.505
Storage,67.4,5,17.524,3.505
Storage,13.48,1,3.5048,3.505
Envelopes,18.688,2,7.008,3.504
Furnishings,25.02,3,10.5084,3.503
Furnishings,15.92,2,7.0048,3.502
Furnishings,23.88,3,10.5072,3.502
Paper,38.9,5,17.505,3.501
Paper,7.78,1,3.501,3.501
Paper,7.78,1,3.501,3.501
Phones,279.96,5,17.4975,3.5
Phones,111.984,2,6.999,3.5
Phones,167.976,3,10.4985,3.5
Paper,50.96,7,24.4608,3.494
Envelopes,7.28,1,3.4944,3.494
Storage,107.44,8,27.9344,3.492
Storage,40.29,3,10.4754,3.492
Storage,53.72,4,13.9672,3.492
Storage,37.32,3,10.4496,3.483
Envelopes,55.584,6,20.844,3.474
Envelopes,64.848,7,24.318,3.474
Binders,7.71,1,3.4695,3.47
Art,34.65,3,10.395,3.465
Art,23.1,2,6.93,3.465
Accessories,11.54,1,3.462,3.462
Accessories,23.08,2,6.924,3.462
Phones,552.0,10,34.5,3.45
Storage,344.91,3,10.3473,3.449
Storage,344.91,3,10.3473,3.449
Labels,43.86,6,20.6142,3.436
Labels,14.62,2,6.8714,3.436
Labels,58.48,8,27.4856,3.436
Labels,7.31,1,3.4357,3.436
Labels,21.93,3,10.3071,3.436
Binders,43.8,6,20.586,3.431
Appliances,213.136,7,23.9778,3.425
Furnishings,54.768,2,6.846,3.423
Phones,242.624,8,27.2952,3.412
Phones,271.96,5,16.9975,3.399
Accessories,14.2,1,3.3725,3.372
Accessories,28.4,2,6.745,3.372
Accessories,85.2,6,20.235,3.372
Storage,11.21,1,3.363,3.363
Storage,40.29,3,10.0725,3.358
Phones,160.776,3,10.0485,3.35
Furnishings,6.98,1,3.3504,3.35
Phones,35.88,3,10.0464,3.349
Phones,95.68,8,26.7904,3.349
Paper,29.6,4,13.32,3.33
Storage,443.92,4,13.3176,3.329
Storage,332.94,3,9.9882,3.329
Accessories,116.312,7,23.2624,3.323
Paper,29.472,3,9.9468,3.316
Paper,28.16,4,13.2352,3.309
Paper,35.2,5,16.544,3.309
Furnishings,32.776,1,3.2776,3.278
Appliances,34.848,2,6.534,3.267
Appliances,52.272,3,9.801,3.267
Furnishings,22.77,3,9.7911,3.264
Appliances,59.24,5,16.291,3.258
Art,56.98,7,22.792,3.256
Art,16.28,2,6.512,3.256
Accessories,41.6,4,13.0,3.25
Storage,43.28,1,3.246,3.246
Accessories,72.0,4,12.96,3.24
Accessories,36.0,2,6.48,3.24
Accessories,18.0,1,3.24,3.24
Storage,242.94,3,9.7176,3.239
Storage,242.94,3,9.7176,3.239
Binders,20.72,2,6.475,3.238
Art,95.92,8,25.8984,3.237
Art,35.97,3,9.7119,3.237
Binders,32.35,5,16.175,3.235
Binders,38.82,6,19.41,3.235
Art,23.1,2,6.468,3.234
Storage,452.55,7,22.6275,3.233
Appliances,35.91,3,9.6957,3.232
Appliances,83.79,7,22.6233,3.232
Storage,129.3,2,6.465,3.232
Storage,193.95,3,9.6975,3.232
Storage,129.3,2,6.465,3.232
Paper,13.36,2,6.4128,3.206
Paper,40.08,6,19.2384,3.206
Paper,60.12,9,28.8576,3.206
Paper,46.76,7,22.4448,3.206
Paper,26.72,4,12.8256,3.206
Paper,20.04,3,9.6192,3.206
Paper,6.68,1,3.2064,3.206
Paper,13.36,2,6.4128,3.206
Paper,20.04,3,9.6192,3.206
Paper,13.36,2,6.4128,3.206
Binders,26.16,4,12.8184,3.205
Storage,95.94,3,9.594,3.198
Storage,95.94,3,9.594,3.198
Furnishings,31.968,2,6.3936,3.197
Furnishings,25.83,3,9.5571,3.186
Envelopes,17.568,2,6.3684,3.184
Envelopes,43.92,5,15.921,3.184
Envelopes,8.784,1,3.1842,3.184
Binders,26.352,3,9.5526,3.184
Furnishings,28.272,2,6.3612,3.181
Furnishings,42.408,3,9.5418,3.181
Storage,90.8,8,25.424,3.178
Storage,45.4,4,12.712,3.178
Storage,34.05,3,9.534,3.178
Paper,6.48,1,3.1752,3.175
Paper,12.96,2,6.3504,3.175
Paper,38.88,6,19.0512,3.175
Paper,12.96,2,6.3504,3.175
Paper,12.96,2,6.3504,3.175
Furnishings,14.56,2,6.2608,3.13
Phones,34.75,5,15.6375,3.128
Paper,20.34,3,9.3564,3.119
Paper,13.56,2,6.2376,3.119
Paper,27.12,4,12.4752,3.119
Paper,67.8,10,31.188,3.119
Paper,12.96,2,6.2208,3.11
Paper,19.44,3,9.3312,3.11
Paper,12.96,2,6.2208,3.11
Paper,19.44,3,9.3312,3.11
Paper,12.96,2,6.2208,3.11
Paper,6.48,1,3.1104,3.11
Paper,6.48,1,3.1104,3.11
Paper,32.4,5,15.552,3.11
Paper,19.44,3,9.3312,3.11
Paper,19.44,3,9.3312,3.11
Paper,12.96,2,6.2208,3.11
Paper,32.4,5,15.552,3.11
Paper,12.96,2,6.2208,3.11
Paper,45.36,7,21.7728,3.11
Paper,12.96,2,6.2208,3.11
Paper,25.92,4,12.4416,3.11
Paper,45.36,7,21.7728,3.11
Paper,19.44,3,9.3312,3.11
Paper,12.96,2,6.2208,3.11
Paper,12.96,2,6.2208,3.11
Paper,19.44,3,9.3312,3.11
Paper,45.36,7,21.7728,3.11
Paper,38.88,6,18.6624,3.11
Paper,19.44,3,9.3312,3.11
Paper,32.4,5,15.552,3.11
Paper,19.44,3,9.3312,3.11
Paper,71.28,11,34.2144,3.11
Paper,25.92,4,12.4416,3.11
Paper,6.48,1,3.1104,3.11
Paper,51.84,8,24.8832,3.11
Paper,19.44,3,9.3312,3.11
Paper,32.4,5,15.552,3.11
Paper,32.4,5,15.552,3.11
Paper,25.92,4,12.4416,3.11
Paper,12.96,2,6.2208,3.11
Paper,12.96,2,6.2208,3.11
Paper,25.92,4,12.4416,3.11
Paper,12.96,2,6.2208,3.11
Paper,25.92,4,12.4416,3.11
Paper,12.96,2,6.2208,3.11
Paper,38.88,6,18.6624,3.11
Paper,6.48,1,3.1104,3.11
Paper,19.44,3,9.3312,3.11
Paper,19.44,3,9.3312,3.11
Paper,19.44,3,9.3312,3.11
Paper,19.44,3,9.3312,3.11
Paper,25.92,4,12.4416,3.11
Paper,58.32,9,27.9936,3.11
Paper,12.96,2,6.2208,3.11
Paper,25.92,4,12.4416,3.11
Paper,12.96,2,6.2208,3.11
Paper,12.96,2,6.2208,3.11
Paper,38.88,6,18.6624,3.11
Paper,32.4,5,15.552,3.11
Paper,12.96,2,6.2208,3.11
Furnishings,18.28,2,6.2152,3.108
Furnishings,18.28,2,6.2152,3.108
Fasteners,45.92,5,15.498,3.1
Fasteners,18.368,2,6.1992,3.1
Furnishings,42.85,5,15.426,3.085
Paper,33.45,5,15.387,3.077
Paper,20.07,3,9.2322,3.077
Furnishings,87.92,5,15.386,3.077
Accessories,34.95,5,15.378,3.076
Supplies,54.9,5,15.372,3.074
Supplies,21.96,2,6.1488,3.074
Furnishings,50.97,3,9.1746,3.058
Binders,18.69,3,9.1581,3.053
Phones,43.6,4,12.208,3.052
Chairs,194.848,4,12.178,3.044
Storage,811.28,8,24.3384,3.042
Fasteners,18.24,3,9.12,3.04
Fasteners,18.24,3,9.12,3.04
Chairs,97.184,2,6.074,3.037
Chairs,97.184,2,6.074,3.037
Art,23.32,2,6.0632,3.032
Bookcases,323.136,4,12.1176,3.029
Bookcases,242.352,3,9.0882,3.029
Paper,26.2,4,12.052,3.013
Art,54.66,6,18.0378,3.006
Art,36.44,4,12.0252,3.006
Phones,95.984,2,5.999,3.0
Accessories,149.95,5,14.995,2.999
Phones,47.984,2,5.998,2.999
Phones,71.976,3,8.997,2.999
Phones,71.976,3,8.997,2.999
Accessories,239.92,8,23.992,2.999
Phones,143.952,6,17.994,2.999
Phones,71.976,3,8.997,2.999
Furnishings,8.73,1,2.9682,2.968
Furnishings,17.46,2,5.9364,2.968
Furnishings,34.92,4,11.8728,2.968
Furnishings,19.76,2,5.928,2.964
Binders,43.19,7,20.7312,2.962
Art,7.58,1,2.9562,2.956
Art,30.32,4,11.8248,2.956
Binders,17.456,2,5.8914,2.946
Paper,73.008,9,26.4654,2.941
Paper,56.784,7,20.5842,2.941
Machines,369.16,11,32.3015,2.936
Storage,56.45,5,14.677,2.935
Storage,22.58,2,5.8708,2.935
Storage,22.58,2,5.8708,2.935
Envelopes,7.824,1,2.934,2.934
Paper,17.94,3,8.7906,2.93
Paper,35.88,6,17.5812,2.93
Paper,17.94,3,8.7906,2.93
Binders,121.68,13,38.025,2.925
Paper,19.05,3,8.763,2.921
Paper,12.7,2,5.842,2.921
Paper,19.05,3,8.763,2.921
Art,38.82,6,17.469,2.912
Furnishings,32.36,4,11.6496,2.912
Labels,24.84,3,8.694,2.898
Labels,33.12,4,11.592,2.898
Labels,50.4,8,23.184,2.898
Labels,56.7,9,26.082,2.898
Furnishings,88.92,5,14.4495,2.89
Binders,11.54,2,5.77,2.885
Storage,10.68,1,2.8836,2.884
Paper,5.88,1,2.8812,2.881
Paper,11.76,2,5.7624,2.881
Paper,11.76,2,5.7624,2.881
Paper,11.76,2,5.7624,2.881
Paper,11.76,2,5.7624,2.881
Storage,29.79,3,8.6391,2.88
Accessories,132.6,6,17.238,2.873
Storage,228.92,5,14.3075,2.862
Binders,18.24,3,8.5728,2.858
Phones,35.168,4,11.4296,2.857
Storage,32.7,3,8.502,2.834
Storage,10.9,1,2.834,2.834
Paper,5.78,1,2.8322,2.832
Paper,23.12,4,11.3288,2.832
Paper,5.78,1,2.8322,2.832
Paper,23.12,4,11.3288,2.832
Paper,11.56,2,5.6644,2.832
Paper,11.56,2,5.6644,2.832
Paper,11.56,2,5.6644,2.832
Appliances,10.89,1,2.8314,2.831
Appliances,32.67,3,8.4942,2.831
Storage,31.44,3,8.4888,2.83
Storage,31.44,3,8.4888,2.83
Storage,52.4,5,14.148,2.83
Storage,10.48,1,2.8296,2.83
Storage,31.44,3,8.4888,2.83
Phones,29.16,3,8.4564,2.819
Paper,46.96,8,22.5408,2.818
Paper,17.61,3,8.4528,2.818
Accessories,47.976,3,8.3958,2.799
Binders,24.816,3,8.3754,2.792
Binders,24.816,3,8.3754,2.792
Envelopes,16.74,3,8.37,2.79
Storage,55.616,2,5.5616,2.781
Paper,32.896,4,11.1024,2.776
Envelopes,15.84,2,5.544,2.772
Envelopes,31.68,4,11.088,2.772
Furnishings,79.12,5,13.846,2.769
Phones,110.352,3,8.2764,2.759
Binders,45.84,8,22.0032,2.75
Art,11.68,2,5.4896,2.745
Art,11.68,2,5.4896,2.745
Accessories,101.34,3,8.1072,2.702
Accessories,101.34,3,8.1072,2.702
Supplies,37.24,4,10.7996,2.7
Supplies,27.93,3,8.0997,2.7
Phones,79.92,10,26.973,2.697
Phones,7.992,1,2.6973,2.697
Phones,7.992,1,2.6973,2.697
Binders,39.92,5,13.473,2.695
Paper,11.96,2,5.382,2.691
Paper,11.96,2,5.382,2.691
Paper,17.94,3,8.073,2.691
Paper,41.86,7,18.837,2.691
Paper,29.9,5,13.455,2.691
Paper,35.88,6,16.146,2.691
Art,35.4,5,13.452,2.69
Art,49.56,7,18.8328,2.69
Furnishings,19.52,2,5.368,2.684
Binders,29.7,5,13.365,2.673
Supplies,29.7,3,8.019,2.673
Envelopes,28.4,5,13.348,2.67
Binders,21.312,3,7.992,2.664
Paper,27.15,5,13.3035,2.661
Paper,10.86,2,5.3214,2.661
Paper,48.87,9,23.9463,2.661
Paper,43.44,8,21.2856,2.661
Supplies,30.69,3,7.9794,2.66
Envelopes,48.69,9,23.8581,2.651
Furnishings,69.08,11,29.0136,2.638
Furnishings,18.84,3,7.9128,2.638
Furnishings,18.84,3,7.9128,2.638
Binders,37.66,7,18.4534,2.636
Furnishings,56.28,6,15.7584,2.626
Storage,18.76,2,5.2528,2.626
Tables,210.008,1,2.6251,2.625
Art,104.8,10,26.2,2.62
Art,31.44,3,7.86,2.62
Paper,16.096,2,5.2312,2.616
Binders,33.376,4,10.43,2.608
Binders,58.408,7,18.2525,2.608
Binders,13.904,2,5.214,2.607
Furnishings,129.92,4,10.3936,2.598
Phones,7.992,1,2.5974,2.597
Furnishings,47.12,8,20.7328,2.592
Binders,16.2,3,7.776,2.592
Furnishings,47.12,8,20.7328,2.592
Furnishings,70.68,12,31.0992,2.592
Phones,29.592,1,2.5893,2.589
Phones,88.776,3,7.7679,2.589
Phones,88.776,3,7.7679,2.589
Storage,239.456,7,17.9592,2.566
Binders,14.624,2,5.1184,2.559
Binders,14.624,2,5.1184,2.559
Paper,22.72,4,10.224,2.556
Paper,17.04,3,7.668,2.556
Paper,34.08,6,15.336,2.556
Binders,38.71,7,17.8066,2.544
Binders,10.36,2,5.0764,2.538
Binders,25.9,5,12.691,2.538
Paper,31.08,6,15.2292,2.538
Paper,47.52,9,22.8096,2.534
Paper,26.4,5,12.672,2.534
Paper,29.664,4,10.0116,2.503
Paper,40.032,6,15.012,2.502
Paper,6.672,1,2.502,2.502
Art,34.7,5,12.492,2.498
Paper,15.984,2,4.995,2.498
Art,27.76,4,9.9936,2.498
Tables,896.328,9,22.4082,2.49
Accessories,39.816,3,7.4655,2.488
Phones,49.616,2,4.9616,2.481
Phones,49.616,2,4.9616,2.481
Art,60.12,9,22.2444,2.472
Art,32.776,1,2.4582,2.458
Accessories,69.98,2,4.8986,2.449
Accessories,174.95,5,12.2465,2.449
Paper,14.94,3,7.3206,2.44
Storage,32.48,2,4.872,2.436
Furnishings,38.784,3,7.272,2.424
Bookcases,1336.829,13,31.4548,2.42
Labels,9.82,2,4.8118,2.406
Labels,9.82,2,4.8118,2.406
Labels,39.28,8,19.2472,2.406
Labels,9.82,2,4.8118,2.406
Labels,24.55,5,12.0295,2.406
Labels,4.91,1,2.4059,2.406
Labels,14.73,3,7.2177,2.406
Bookcases,191.984,2,4.7996,2.4
Fasteners,35.0,7,16.8,2.4
Fasteners,35.0,7,16.8,2.4
Bookcases,287.976,3,7.1994,2.4
Binders,14.94,3,7.1712,2.39
Supplies,477.24,4,9.5448,2.386
Supplies,238.62,2,4.7724,2.386
Paper,10.56,2,4.752,2.376
Paper,5.28,1,2.376,2.376
Chairs,108.608,4,9.5032,2.376
Paper,26.4,5,11.88,2.376
Paper,26.4,5,11.88,2.376
Furnishings,22.752,3,7.11,2.37
Binders,9.84,2,4.7232,2.362
Envelopes,27.968,4,9.4392,2.36
Binders,27.936,4,9.4284,2.357
Binders,6.984,1,2.3571,2.357
Paper,24.9,5,11.703,2.341
Paper,14.94,3,7.0218,2.341
Paper,9.96,2,4.6812,2.341
Furnishings,23.376,3,7.0128,2.338
Furnishings,31.168,4,9.3504,2.338
Paper,19.04,4,9.3296,2.332
Binders,41.28,6,13.932,2.322
Binders,6.88,1,2.322,2.322
Binders,13.76,2,4.644,2.322
Supplies,31.92,4,9.2568,2.314
Accessories,20.37,3,6.9258,2.309
Storage,61.568,2,4.6176,2.309
Paper,25.344,4,9.1872,2.297
Paper,38.016,6,13.7808,2.297
Furnishings,45.888,4,9.1776,2.294
Labels,14.94,3,6.8724,2.291
Labels,9.96,2,4.5816,2.291
Labels,14.94,3,6.8724,2.291
Accessories,60.864,4,9.1296,2.282
Paper,21.744,3,6.795,2.265
Binders,13.904,2,4.5188,2.259
Binders,13.904,2,4.5188,2.259
Binders,34.76,5,11.297,2.259
Binders,13.904,2,4.5188,2.259
Art,45.04,2,4.504,2.252
Appliances,8.62,1,2.2412,2.241
Appliances,17.24,2,4.4824,2.241
Appliances,25.86,3,6.7236,2.241
Appliances,43.1,5,11.206,2.241
Accessories,89.584,2,4.4792,2.24
Accessories,159.75,5,11.1825,2.236
Supplies,8.57,1,2.2282,2.228
Supplies,25.71,3,6.6846,2.228
Binders,9.64,2,4.4344,2.217
Binders,33.74,7,15.5204,2.217
Storage,221.55,3,6.6465,2.216
Envelopes,24.448,4,8.8624,2.216
Paper,12.224,2,4.4312,2.216
Envelopes,12.224,2,4.4312,2.216
Paper,24.448,4,8.8624,2.216
Envelopes,18.336,3,6.6468,2.216
Storage,73.85,1,2.2155,2.216
Envelopes,24.448,4,8.8624,2.216
Supplies,17.0,2,4.42,2.21
Supplies,25.5,3,6.63,2.21
Paper,19.608,3,6.6177,2.206
Accessories,74.112,8,17.6016,2.2
Accessories,37.056,4,8.8008,2.2
Accessories,18.528,2,4.4004,2.2
Paper,8.96,2,4.3904,2.195
Binders,13.71,3,6.5808,2.194
Art,31.776,4,8.7384,2.185
Art,23.832,3,6.5538,2.185
Art,23.832,3,6.5538,2.185
Paper,4.95,1,2.178,2.178
Furnishings,25.11,3,6.5286,2.176
Art,99.136,4,8.6744,2.169
Supplies,16.68,2,4.3368,2.168
Supplies,25.02,3,6.5052,2.168
Art,17.94,3,6.4584,2.153
Envelopes,8.96,2,4.3008,2.15
Furnishings,91.008,9,19.3392,2.149
Paper,23.85,5,10.7325,2.146
Paper,42.93,9,19.3185,2.146
Binders,11.808,2,4.2804,2.14
Furnishings,14.76,2,4.2804,2.14
Furnishings,22.14,3,6.4206,2.14
Furnishings,48.896,4,8.5568,2.139
Furnishings,36.672,3,6.4176,2.139
Chairs,42.624,2,4.2624,2.131
Tables,510.24,3,6.378,2.126
Binders,38.16,9,19.08,2.12
Binders,17.472,3,6.3336,2.111
Binders,8.76,2,4.2048,2.102
Binders,17.52,4,8.4096,2.102
Binders,21.9,5,10.512,2.102
Art,11.68,2,4.2048,2.102
Phones,27.992,1,2.0994,2.099
Art,55.984,2,4.1988,2.099
Appliances,41.95,5,10.4875,2.098
Appliances,7.77,1,2.0979,2.098
Appliances,83.9,10,20.975,2.098
Appliances,58.73,7,14.6825,2.097
Paper,6.672,1,2.085,2.085
Furnishings,34.58,7,14.5236,2.075
Storage,31.92,4,8.2992,2.075
Storage,63.84,8,16.5984,2.075
Furnishings,19.76,4,8.2992,2.075
Storage,39.9,5,10.374,2.075
Furnishings,19.76,4,8.2992,2.075
Art,12.96,2,4.1472,2.074
Art,25.92,4,8.2944,2.074
Art,18.24,3,6.2016,2.067
Binders,40.41,9,18.5886,2.065
Paper,4.54,1,2.043,2.043
Paper,11.648,2,4.0768,2.038
Art,41.86,7,14.2324,2.033
Paper,8.82,2,4.0572,2.029
Paper,13.23,3,6.0858,2.029
Paper,4.41,1,2.0286,2.029
Paper,17.64,4,8.1144,2.029
Furnishings,20.94,3,6.0726,2.024
Furnishings,27.92,4,8.0968,2.024
Appliances,161.376,6,12.1032,2.017
Paper,38.52,9,18.1044,2.012
Furnishings,18.84,3,6.0288,2.01
Furnishings,18.84,3,6.0288,2.01
Art,4.89,1,2.0049,2.005
Art,9.78,2,4.0098,2.005
Phones,99.98,2,3.9992,2.0
Paper,11.94,3,5.97,1.99
Art,15.872,1,1.984,1.984
Art,31.744,2,3.968,1.984
Labels,29.24,5,9.8685,1.974
Labels,17.544,3,5.9211,1.974
Labels,11.696,2,3.9474,1.974
Fasteners,18.936,3,5.9175,1.973
Binders,23.36,4,7.884,1.971
Supplies,21.81,3,5.8887,1.963
Accessories,55.76,4,7.8064,1.952
Binders,33.04,8,15.5288,1.941
Binders,8.26,2,3.8822,1.941
Paper,16.056,3,5.8203,1.94
Paper,16.056,3,5.8203,1.94
Binders,37.008,6,11.565,1.928
Binders,24.672,4,7.71,1.928
Binders,30.84,5,9.6375,1.927
Paper,8.56,2,3.852,1.926
Paper,17.12,4,7.704,1.926
Paper,8.56,2,3.852,1.926
Paper,25.68,6,11.556,1.926
Paper,8.56,2,3.852,1.926
Paper,4.28,1,1.926,1.926
Paper,8.56,2,3.852,1.926
Storage,68.448,4,7.7004,1.925
Storage,51.336,3,5.7753,1.925
Furnishings,21.0,3,5.775,1.925
Fasteners,19.6,5,9.604,1.921
Furnishings,25.472,4,7.6416,1.91
Furnishings,19.104,3,5.7312,1.91
Binders,21.792,4,7.6272,1.907
Labels,12.39,3,5.6994,1.9
Labels,28.91,7,13.2986,1.9
Art,12.39,3,5.6994,1.9
Labels,8.26,2,3.7996,1.9
Binders,20.928,4,7.5864,1.897
Accessories,13.48,1,1.8872,1.887
Paper,25.92,5,9.396,1.879
Paper,15.552,3,5.6376,1.879
Paper,15.552,3,5.6376,1.879
Paper,31.104,6,11.2752,1.879
Paper,15.552,3,5.6376,1.879
Paper,10.368,2,3.7584,1.879
Paper,31.104,6,11.2752,1.879
Paper,10.368,2,3.7584,1.879
Binders,15.92,4,7.4824,1.871
Binders,23.88,6,11.2236,1.871
Binders,15.92,4,7.4824,1.871
Paper,30.96,6,11.223,1.87
Paper,26.72,5,9.352,1.87
Paper,5.344,1,1.8704,1.87
Paper,10.688,2,3.7408,1.87
Paper,26.72,5,9.352,1.87
Paper,10.32,2,3.741,1.87
Paper,16.032,3,5.6112,1.87
Paper,10.688,2,3.7408,1.87
Paper,10.688,2,3.7408,1.87
Binders,3.89,1,1.8672,1.867
Binders,17.88,3,5.5875,1.862
Binders,29.8,5,9.3125,1.862
Envelopes,19.4,5,9.312,1.862
Storage,46.51,1,1.8604,1.86
Art,14.88,2,3.72,1.86
Art,37.2,5,9.3,1.86
Furnishings,21.248,4,7.4368,1.859
Paper,7.42,2,3.71,1.855
Paper,23.68,4,7.4,1.85
Paper,17.76,3,5.55,1.85
Binders,17.04,3,5.538,1.846
Furnishings,9.46,2,3.6894,1.845
Binders,10.128,2,3.6714,1.836
Binders,15.192,3,5.5071,1.836
Furnishings,9.64,2,3.6632,1.832
Fasteners,24.32,5,9.12,1.824
Paper,15.552,3,5.4432,1.814
Paper,15.552,3,5.4432,1.814
Paper,31.104,6,10.8864,1.814
Paper,10.368,2,3.6288,1.814
Paper,20.736,4,7.2576,1.814
Paper,36.288,7,12.7008,1.814
Paper,5.184,1,1.8144,1.814
Paper,10.368,2,3.6288,1.814
Paper,20.736,4,7.2576,1.814
Paper,31.104,6,10.8864,1.814
Paper,20.736,4,7.2576,1.814
Paper,20.736,4,7.2576,1.814
Paper,10.368,2,3.6288,1.814
Paper,10.368,2,3.6288,1.814
Paper,5.184,1,1.8144,1.814
Paper,15.552,3,5.4432,1.814
Paper,25.92,5,9.072,1.814
Paper,15.552,3,5.4432,1.814
Paper,15.552,3,5.4432,1.814
Paper,5.184,1,1.8144,1.814
Paper,10.368,2,3.6288,1.814
Paper,15.552,3,5.4432,1.814
Paper,36.288,7,12.7008,1.814
Paper,20.736,4,7.2576,1.814
Paper,20.736,4,7.2576,1.814
Paper,15.552,3,5.4432,1.814
Paper,20.736,4,7.2576,1.814
Paper,25.92,5,9.072,1.814
Paper,10.368,2,3.6288,1.814
Paper,15.552,3,5.4432,1.814
Paper,15.552,3,5.4432,1.814
Paper,20.736,4,7.2576,1.814
Paper,20.736,4,7.2576,1.814
Paper,10.368,2,3.6288,1.814
Paper,10.368,2,3.6288,1.814
Paper,5.184,1,1.8144,1.814
Paper,20.736,4,7.2576,1.814
Paper,10.368,2,3.6288,1.814
Paper,20.736,4,7.2576,1.814
Paper,41.472,8,14.5152,1.814
Paper,15.552,3,5.4432,1.814
Paper,15.552,3,5.4432,1.814
Paper,36.288,7,12.7008,1.814
Paper,41.472,8,14.5152,1.814
Binders,19.936,4,7.2268,1.807
Binders,19.936,4,7.2268,1.807
Fasteners,52.29,9,16.2099,1.801
Labels,26.25,7,12.6,1.8
Labels,18.75,5,9.0,1.8
Labels,3.75,1,1.8,1.8
Labels,30.0,8,14.4,1.8
Art,86.352,3,5.397,1.799
Binders,11.01,3,5.3949,1.798
Storage,628.81,7,12.5762,1.797
Storage,269.49,3,5.3898,1.797
Storage,359.32,4,7.1864,1.797
Fasteners,7.16,2,3.58,1.79
Fasteners,25.06,7,12.53,1.79
Art,15.76,2,3.546,1.773
Art,18.24,3,5.2896,1.763
Paper,10.848,2,3.5256,1.763
Paper,16.272,3,5.2884,1.763
Paper,21.696,4,7.0512,1.763
Fasteners,9.02,2,3.5178,1.759
Furnishings,60.312,3,5.2773,1.759
Accessories,76.752,6,10.5534,1.759
Accessories,102.336,8,14.0712,1.759
Accessories,89.544,7,12.3123,1.759
Appliances,28.08,3,5.265,1.755
Fasteners,17.9,5,8.771,1.754
Fasteners,17.9,5,8.771,1.754
Art,17.52,3,5.256,1.752
Art,4.26,1,1.7466,1.747
Tables,418.296,3,5.2287,1.743
Tables,697.16,5,8.7145,1.743
Tables,1673.184,12,20.9148,1.743
Art,12.42,3,5.2164,1.739
Phones,16.68,3,5.2125,1.738
Phones,5.56,1,1.7375,1.738
Phones,11.12,2,3.475,1.738
Art,17.97,3,5.2113,1.737
Art,29.95,5,8.6855,1.737
Art,29.95,5,8.6855,1.737
Envelopes,14.352,3,5.2026,1.734
Labels,18.45,5,8.6715,1.734
Paper,14.352,3,5.2026,1.734
Paper,23.92,5,8.671,1.734
Labels,7.38,2,3.4686,1.734
Labels,7.38,2,3.4686,1.734
Labels,11.07,3,5.2029,1.734
Labels,11.07,3,5.2029,1.734
Furnishings,11.54,2,3.462,1.731
Furnishings,17.31,3,5.193,1.731
Furnishings,35.56,7,12.0904,1.727
Furnishings,10.16,2,3.4544,1.727
Furnishings,20.32,4,6.9088,1.727
Supplies,17.22,3,5.166,1.722
Tables,206.352,3,5.1588,1.72
Binders,30.576,6,10.3194,1.72
Binders,7.16,2,3.4368,1.718
Furnishings,45.696,3,5.1408,1.714
Bookcases,435.999,3,5.1294,1.71
Accessories,9.096,1,1.7055,1.706
Envelopes,10.86,3,5.1042,1.701
Envelopes,10.86,3,5.1042,1.701
Accessories,71.6,8,13.604,1.7
Accessories,44.75,5,8.5025,1.7
Accessories,44.75,5,8.5025,1.7
Art,35.1,6,10.179,1.697
Storage,54.224,2,3.389,1.694
Paper,13.872,3,5.0286,1.676
Phones,67.04,4,6.704,1.676
Paper,23.12,5,8.381,1.676
Paper,27.744,6,10.0572,1.676
Paper,9.248,2,3.3524,1.676
Paper,13.872,3,5.0286,1.676
Paper,9.248,2,3.3524,1.676
Envelopes,13.392,3,5.022,1.674
Fasteners,14.2,4,6.674,1.668
Accessories,62.592,8,13.3008,1.663
Paper,21.6,6,9.936,1.656
Art,12.72,3,4.9608,1.654
Accessories,120.0,8,13.2,1.65
Accessories,45.0,3,4.95,1.65
Supplies,28.4,5,8.236,1.647
Supplies,28.4,5,8.236,1.647
Binders,24.32,5,8.208,1.642
Storage,168.624,9,14.7546,1.639
Labels,15.12,3,4.914,1.638
Furnishings,15.84,3,4.9104,1.637
Furnishings,21.12,4,6.5472,1.637
Furnishings,36.96,7,11.4576,1.637
Accessories,49.08,3,4.908,1.636
Accessories,98.16,6,9.816,1.636
Accessories,49.08,3,4.908,1.636
Accessories,98.16,6,9.816,1.636
Accessories,98.16,6,9.816,1.636
Binders,64.96,14,22.736,1.624
Binders,13.92,3,4.872,1.624
Furnishings,9.82,2,3.2406,1.62
Chairs,145.764,2,3.2392,1.62
Art,15.528,3,4.8525,1.618
Art,16.74,3,4.8546,1.618
Binders,14.376,3,4.8519,1.617
Binders,19.168,4,6.4692,1.617
Accessories,16.776,3,4.8231,1.608
Fasteners,13.96,4,6.4216,1.605
Binders,33.264,7,11.2266,1.604
Binders,61.776,13,20.8494,1.604
Binders,22.92,5,8.022,1.604
Binders,32.088,7,11.2308,1.604
Phones,47.976,3,4.7976,1.599
Phones,119.94,10,15.992,1.599
Art,24.2,5,7.986,1.597
Storage,63.56,2,3.178,1.589
Storage,158.9,5,7.945,1.589
Art,14.016,3,4.7304,1.577
Art,4.672,1,1.5768,1.577
Art,9.344,2,3.1536,1.577
Binders,25.12,5,7.85,1.57
Furnishings,9.656,1,1.5691,1.569
Furnishings,12.99,1,1.5588,1.559
Storage,53.424,3,4.6746,1.558
Art,5.98,1,1.5548,1.555
Paper,16.9,5,7.774,1.555
Storage,61.792,4,6.1792,1.545
Furnishings,9.94,2,3.0814,1.541
Furnishings,14.91,3,4.6221,1.541
Art,95.144,7,10.7037,1.529
Binders,6.24,2,3.0576,1.529
Art,27.78,6,9.1674,1.528
Art,11.68,2,3.0368,1.518
Art,23.36,4,6.0736,1.518
Furnishings,7.4,2,3.034,1.517
Labels,28.35,9,13.608,1.512
Binders,8.64,2,3.024,1.512
Labels,18.9,6,9.072,1.512
Labels,3.15,1,1.512,1.512
Labels,31.5,10,15.12,1.512
Binders,25.92,6,9.072,1.512
Labels,9.45,3,4.536,1.512
Labels,15.75,5,7.56,1.512
Binders,23.24,5,7.553,1.511
Binders,9.296,2,3.0212,1.511
Furnishings,43.936,4,6.0412,1.51
Accessories,27.816,3,4.5201,1.507
Accessories,18.544,2,3.0134,1.507
Appliances,45.216,3,4.5216,1.507
Binders,25.824,6,9.0384,1.506
Furnishings,8.36,2,3.0096,1.505
Furnishings,20.9,5,7.524,1.505
Binders,8.288,2,3.0044,1.502
Paper,14.352,3,4.485,1.495
Binders,18.368,4,5.9696,1.492
Furnishings,12.42,3,4.4712,1.49
Art,13.48,4,5.9312,1.483
Fasteners,3.29,1,1.4805,1.48
Labels,6.16,2,2.9568,1.478
Binders,8.448,2,2.9568,1.478
Furnishings,15.4,5,7.392,1.478
Labels,27.72,9,13.3056,1.478
Furnishings,9.24,3,4.4352,1.478
Labels,24.64,8,11.8272,1.478
Labels,6.16,2,2.9568,1.478
Paper,18.176,4,5.9072,1.477
Storage,83.92,4,5.8744,1.469
Furnishings,41.96,2,2.9372,1.469
Furnishings,83.92,4,5.8744,1.469
Binders,13.92,3,4.35,1.45
Paper,31.872,8,11.5536,1.444
Paper,7.968,2,2.8884,1.444
Paper,27.888,7,10.1094,1.444
Binders,12.816,3,4.3254,1.442
Binders,8.544,2,2.8836,1.442
Phones,57.568,4,5.7568,1.439
Phones,86.352,6,8.6352,1.439
Phones,71.96,5,7.196,1.439
Art,71.96,5,7.196,1.439
Binders,11.784,3,4.2717,1.424
Binders,13.128,3,4.2666,1.422
Binders,13.128,3,4.2666,1.422
Paper,36.352,8,11.36,1.42
Supplies,37.752,3,4.2471,1.416
Furnishings,14.136,3,4.2408,1.414
Paper,15.7,5,7.065,1.413
Binders,2.88,1,1.4112,1.411
Binders,20.16,7,9.8784,1.411
Labels,8.64,3,4.2336,1.411
Labels,5.76,2,2.8224,1.411
Labels,14.4,5,7.056,1.411
Binders,14.4,5,7.056,1.411
Binders,2.88,1,1.4112,1.411
Labels,5.76,2,2.8224,1.411
Labels,8.64,3,4.2336,1.411
Labels,11.52,4,5.6448,1.411
Labels,23.04,8,11.2896,1.411
Labels,8.64,3,4.2336,1.411
Fasteners,16.0,4,5.6,1.4
Fasteners,8.0,2,2.8,1.4
Binders,3.856,1,1.3978,1.398
Art,5.58,1,1.395,1.395
Art,11.16,2,2.79,1.395
Binders,11.952,3,4.1832,1.394
Furnishings,35.168,7,9.6712,1.382
Furnishings,15.072,3,4.1448,1.382
Binders,19.68,5,6.888,1.378
Binders,11.808,3,4.1328,1.378
Binders,19.68,5,6.888,1.378
Paper,12.192,3,4.1148,1.372
Paper,4.064,1,1.3716,1.372
Fasteners,8.94,3,4.1124,1.371
Fasteners,14.9,5,6.854,1.371
Furnishings,2.91,1,1.3677,1.368
Furnishings,5.82,2,2.7354,1.368
Binders,2.78,1,1.3622,1.362
Art,27.168,2,2.7168,1.358
Labels,8.67,3,4.0749,1.358
Labels,5.78,2,2.7166,1.358
Labels,20.23,7,9.5081,1.358
Art,67.92,5,6.792,1.358
Labels,11.56,4,5.4332,1.358
Art,13.584,1,1.3584,1.358
Art,54.336,4,5.4336,1.358
Fasteners,2.88,1,1.3536,1.354
Fasteners,17.28,6,8.1216,1.354
Art,15.92,4,5.4128,1.353
Storage,270.62,2,2.7062,1.353
Art,23.88,6,8.1192,1.353
Storage,541.24,4,5.4124,1.353
Phones,62.958,7,9.4437,1.349
Paper,7.968,2,2.6892,1.345
Phones,14.85,3,4.0095,1.336
Binders,27.496,7,9.2799,1.326
Binders,11.784,3,3.9771,1.326
Labels,5.76,2,2.6496,1.325
Art,14.7,5,6.615,1.323
Art,123.256,7,9.2442,1.321
Art,88.04,5,6.603,1.321
Paper,25.344,6,7.92,1.32
Paper,16.896,4,5.28,1.32
Paper,25.344,6,7.92,1.32
Paper,25.344,6,7.92,1.32
Paper,8.448,2,2.64,1.32
Paper,8.448,2,2.64,1.32
Paper,8.448,2,2.64,1.32
Paper,12.672,3,3.96,1.32
Binders,10.896,3,3.9498,1.317
Fasteners,11.68,4,5.256,1.314
Art,35.82,9,11.8206,1.313
Art,19.9,5,6.567,1.313
Binders,18.72,5,6.552,1.31
Bookcases,556.665,5,6.549,1.31
Binders,3.744,1,1.3104,1.31
Binders,18.72,5,6.552,1.31
Envelopes,5.32,2,2.6068,1.303
Envelopes,7.98,3,3.9102,1.303
Paper,28.672,8,10.3936,1.299
Labels,7.968,2,2.5896,1.295
Labels,11.952,3,3.8844,1.295
Labels,15.936,4,5.1792,1.295
Accessories,103.12,8,10.312,1.289
Phones,128.85,3,3.8655,1.288
Furnishings,51.264,6,7.6896,1.282
Binders,3.912,1,1.2714,1.271
Fasteners,7.9,2,2.528,1.264
Binders,11.568,3,3.7596,1.253
Art,12.84,3,3.7236,1.241
Art,17.12,4,4.9648,1.241
Art,21.4,5,6.206,1.241
Art,34.24,8,9.9296,1.241
Art,28.91,7,8.673,1.239
Paper,11.424,3,3.7128,1.238
Chairs,221.382,2,2.4598,1.23
Binders,12.3,5,6.15,1.23
Binders,17.52,5,6.132,1.226
Binders,14.016,4,4.9056,1.226
Furnishings,29.328,3,3.666,1.222
Paper,26.88,8,9.744,1.218
Labels,13.05,5,6.003,1.201
Labels,7.83,3,3.6018,1.201
Labels,5.22,2,2.4012,1.201
Storage,27.44,2,2.401,1.2
Storage,27.44,2,2.401,1.2
Storage,13.72,1,1.2005,1.2
Paper,6.368,2,2.388,1.194
Paper,3.816,1,1.1925,1.192
Art,31.744,2,2.3808,1.19
Art,63.488,4,4.7616,1.19
Appliances,31.152,3,3.5046,1.168
Appliances,20.768,2,2.3364,1.168
Binders,10.776,3,3.5022,1.167
Binders,10.776,3,3.5022,1.167
Fasteners,7.41,3,3.4827,1.161
Fasteners,14.82,6,6.9654,1.161
Bookcases,231.92,5,5.798,1.16
Art,12.84,3,3.4668,1.156
Art,46.2,5,5.775,1.155
Storage,909.12,8,9.0912,1.136
Appliances,13.11,3,3.4086,1.136
Storage,795.48,7,7.9548,1.136
Appliances,17.48,4,4.5448,1.136
Accessories,112.8,6,6.768,1.128
Binders,7.184,2,2.245,1.122
Binders,5.984,2,2.244,1.122
Furnishings,11.664,3,3.3534,1.118
Binders,26.432,8,8.9208,1.115
Binders,19.824,6,6.6906,1.115
Paper,8.904,3,3.339,1.113
Paper,8.904,3,3.339,1.113
Art,5.56,2,2.224,1.112
Art,38.864,7,7.7728,1.11
Binders,21.336,7,7.7343,1.105
Binders,18.288,6,6.6294,1.105
Supplies,7.3,2,2.19,1.095
Furnishings,7.904,2,2.1736,1.087
Art,13.12,4,4.3296,1.082
Storage,61.68,5,5.397,1.079
Binders,15.92,5,5.373,1.075
Binders,15.92,5,5.373,1.075
Art,3.304,1,1.0738,1.074
Labels,3.304,1,1.0738,1.074
Labels,13.216,4,4.2952,1.074
Art,9.912,3,3.2214,1.074
Envelopes,9.912,3,3.2214,1.074
Labels,16.52,5,5.369,1.074
Paper,3.424,1,1.07,1.07
Paper,10.272,3,3.21,1.07
Paper,6.848,2,2.14,1.07
Paper,10.272,3,3.21,1.07
Paper,20.544,6,6.42,1.07
Paper,6.848,2,2.14,1.07
Paper,20.544,6,6.42,1.07
Paper,10.272,3,3.21,1.07
Art,13.392,3,3.1806,1.06
Labels,6.0,2,2.1,1.05
Labels,3.0,1,1.05,1.05
Art,6.63,3,3.1161,1.039
Binders,10.8,5,5.184,1.037
Art,13.36,4,4.1416,1.035
Art,6.08,2,2.0672,1.034
Art,9.12,3,3.1008,1.034
Art,7.56,3,3.0996,1.033
Binders,15.24,5,5.1435,1.029
Binders,9.144,3,3.0861,1.029
Binders,3.048,1,1.0287,1.029
Appliances,15.8,4,4.108,1.027
Binders,18.24,6,6.156,1.026
Fasteners,9.432,3,3.0654,1.022
Binders,10.4,5,5.096,1.019
Phones,54.368,4,4.0776,1.019
Phones,27.184,2,2.0388,1.019
Accessories,67.8,4,4.068,1.017
Accessories,16.95,1,1.017,1.017
Furnishings,8.01,3,3.0438,1.015
Appliances,3.89,1,1.0114,1.011
Furnishings,15.992,1,0.9995,1.0
Furnishings,31.984,2,1.999,1.0
Phones,119.94,6,5.997,1.0
Labels,5.904,2,1.9926,0.996
Labels,17.712,6,5.9778,0.996
Labels,14.76,5,4.9815,0.996
Labels,20.664,7,6.9741,0.996
Storage,59.712,6,5.9712,0.995
Furnishings,21.56,7,6.8992,0.986
Furnishings,9.24,3,2.9568,0.986
Fasteners,6.03,3,2.9547,0.985
Fasteners,39.312,13,12.7764,0.983
Fasteners,15.12,5,4.914,0.983
Storage,39.296,4,3.9296,0.982
Storage,195.64,4,3.9128,0.978
Envelopes,2.896,1,0.9774,0.977
Art,22.0,10,9.68,0.968
Storage,25.696,2,1.9272,0.964
Envelopes,8.856,3,2.8782,0.959
Envelopes,14.76,5,4.797,0.959
Envelopes,8.856,3,2.8782,0.959
Envelopes,2.04,1,0.9588,0.959
Art,16.4,5,4.756,0.951
Art,6.56,2,1.9024,0.951
Art,6.56,2,1.9024,0.951
Art,6.56,2,1.9024,0.951
Art,22.96,7,6.6584,0.951
Art,19.68,6,5.7072,0.951
Art,22.96,7,6.6584,0.951
Art,9.84,3,2.8536,0.951
Appliances,22.75,7,6.5975,0.942
Paper,11.52,4,3.744,0.936
Art,18.688,4,3.7376,0.934
Art,9.344,2,1.8688,0.934
Storage,62.04,5,4.653,0.931
Art,10.71,3,2.7846,0.928
Art,14.28,4,3.7128,0.928
Art,13.248,4,3.6432,0.911
Art,13.248,4,3.6432,0.911
Storage,27.24,3,2.724,0.908
Storage,18.16,2,1.816,0.908
Storage,18.16,2,1.816,0.908
Fasteners,8.376,3,2.7222,0.907
Binders,9.984,4,3.6192,0.905
Binders,14.976,6,5.4288,0.905
Phones,71.952,6,5.3964,0.899
Furnishings,11.352,3,2.6961,0.899
Fasteners,4.36,2,1.7876,0.894
Labels,5.04,2,1.764,0.882
Art,5.68,2,1.7608,0.88
Paper,10.816,4,3.5152,0.879
Furnishings,6.24,3,2.6208,0.874
Furnishings,7.712,2,1.7352,0.868
Art,2.48,1,0.868,0.868
Binders,3.6,2,1.728,0.864
Binders,5.4,3,2.592,0.864
Labels,9.856,4,3.4496,0.862
Labels,2.464,1,0.8624,0.862
Labels,4.928,2,1.7248,0.862
Fasteners,10.824,3,2.5707,0.857
Art,5.88,2,1.7052,0.853
Art,14.592,3,2.5536,0.851
Furnishings,17.024,2,1.7024,0.851
Art,9.728,2,1.7024,0.851
Art,8.8,5,4.224,0.845
Art,3.52,2,1.6896,0.845
Supplies,47.32,7,5.915,0.845
Art,10.08,6,5.04,0.84
Art,8.4,5,4.2,0.84
Binders,2.688,1,0.84,0.84
Paper,151.056,9,7.5528,0.839
Art,47.96,5,4.1965,0.839
Supplies,11.184,1,0.8388,0.839
Art,67.144,7,5.8751,0.839
Supplies,22.344,3,2.5137,0.838
Appliances,11.176,1,0.8382,0.838
Appliances,76.608,8,6.7032,0.838
Labels,4.608,2,1.6704,0.835
Labels,11.52,5,4.176,0.835
Labels,11.52,5,4.176,0.835
Art,5.76,2,1.6704,0.835
Labels,4.608,2,1.6704,0.835
Art,5.96,2,1.6688,0.834
Envelopes,21.24,9,7.434,0.826
Fasteners,10.528,4,3.29,0.822
Accessories,17.88,3,2.4585,0.82
Art,12.74,7,5.733,0.819
Art,16.38,9,7.371,0.819
Storage,10.744,1,0.8058,0.806
Storage,32.232,3,2.4174,0.806
Art,8.94,3,2.4138,0.805
Furnishings,24.048,9,7.2144,0.802
Furnishings,13.36,5,4.008,0.802
Furnishings,47.94,3,2.397,0.799
Art,8.82,3,2.3814,0.794
Art,8.82,3,2.3814,0.794
Art,5.88,2,1.5876,0.794
Art,11.76,4,3.1752,0.794
Furnishings,4.656,2,1.5714,0.786
Storage,37.68,3,2.355,0.785
Art,13.04,5,3.912,0.782
Labels,13.872,6,4.6818,0.78
Accessories,25.98,2,1.5588,0.779
Storage,37.392,3,2.337,0.779
Art,25.92,5,3.888,0.778
Furnishings,23.68,8,6.216,0.777
Fasteners,21.456,9,6.9732,0.775
Furnishings,8.8,5,3.872,0.774
Envelopes,10.64,5,3.857,0.771
Chairs,207.846,3,2.3094,0.77
Chairs,207.846,3,2.3094,0.77
Art,9.21,3,2.3025,0.768
Art,13.12,5,3.772,0.754
Furnishings,20.096,4,3.0144,0.754
Art,13.9,5,3.753,0.751
Furnishings,22.512,3,2.2512,0.75
Furnishings,15.008,2,1.5008,0.75
Labels,4.608,2,1.4976,0.749
Art,4.92,3,2.214,0.738
Art,1.64,1,0.738,0.738
Art,7.056,3,2.205,0.735
Art,7.056,3,2.205,0.735
Storage,16.768,2,1.4672,0.734
Storage,8.384,1,0.7336,0.734
Supplies,39.072,6,4.3956,0.733
Art,5.56,2,1.4456,0.723
Art,2.78,1,0.7228,0.723
Art,5.56,2,1.4456,0.723
Art,16.68,6,4.3368,0.723
Art,5.56,2,1.4456,0.723
Art,13.9,5,3.614,0.723
Binders,6.672,3,2.1684,0.723
Art,8.34,3,2.1684,0.723
Binders,13.344,6,4.3368,0.723
Art,11.12,4,2.8912,0.723
Binders,4.448,2,1.4456,0.723
Art,5.56,2,1.4456,0.723
Art,2.78,1,0.7228,0.723
Fasteners,10.9,5,3.597,0.719
Fasteners,6.54,3,2.1582,0.719
Supplies,44.688,7,5.0274,0.718
Fasteners,2.96,2,1.4208,0.71
Art,21.5,10,7.095,0.71
Fasteners,11.84,8,5.6832,0.71
Art,4.3,2,1.419,0.71
Art,7.8,3,2.106,0.702
Phones,71.928,9,6.2937,0.699
Phones,39.96,5,3.4965,0.699
Phones,7.992,1,0.6993,0.699
Phones,15.984,2,1.3986,0.699
Supplies,23.76,3,2.079,0.693
Supplies,31.68,4,2.772,0.693
Art,10.64,4,2.7664,0.692
Art,3.2,2,1.376,0.688
Accessories,54.384,2,1.3596,0.68
Labels,10.44,5,3.393,0.679
Labels,6.264,3,2.0358,0.679
Storage,54.192,6,4.0644,0.677
Art,9.32,4,2.7028,0.676
Art,6.99,3,2.0271,0.676
Art,5.16,2,1.3416,0.671
Storage,66.96,4,2.6784,0.67
Furnishings,16.72,5,3.344,0.669
Appliances,2.22,1,0.666,0.666
Furnishings,11.808,2,1.3284,0.664
Furnishings,3.312,1,0.6624,0.662
Fasteners,3.76,2,1.316,0.658
Storage,8.72,1,0.654,0.654
Storage,26.16,3,1.962,0.654
Fasteners,1.81,1,0.6516,0.652
Accessories,12.12,4,2.5452,0.636
Accessories,7.88,4,2.5216,0.63
Art,16.256,2,1.2192,0.61
Appliances,20.808,3,1.8207,0.607
Storage,105.98,7,4.2392,0.606
Storage,15.14,1,0.6056,0.606
Storage,136.26,9,5.4504,0.606
Binders,14.976,9,5.4288,0.603
Furnishings,127.936,8,4.7976,0.6
Phones,31.968,4,2.3976,0.599
Art,28.728,3,1.7955,0.598
Art,19.152,2,1.197,0.598
Art,6.63,3,1.7901,0.597
Art,8.84,5,2.9835,0.597
Art,6.63,3,1.7901,0.597
Art,15.47,7,4.1769,0.597
Art,6.63,3,1.7901,0.597
Fasteners,3.62,2,1.1946,0.597
Art,11.05,5,2.9835,0.597
Art,6.57,3,1.7739,0.591
Paper,8.72,5,2.943,0.589
Art,14.7,7,4.116,0.588
Art,14.016,3,1.752,0.584
Art,42.048,9,5.256,0.584
Art,28.032,6,3.504,0.584
Fasteners,4.96,4,2.3312,0.583
Fasteners,4.824,3,1.7487,0.583
Supplies,9.184,2,1.148,0.574
Art,15.92,5,2.786,0.557
Art,12.736,4,2.2288,0.557
Art,2.224,1,0.556,0.556
Art,4.448,2,1.112,0.556
Envelopes,4.896,3,1.6524,0.551
Art,19.456,4,2.1888,0.547
Art,3.76,2,1.0904,0.545
Art,9.4,5,2.726,0.545
Art,3.76,2,1.0904,0.545
Furnishings,17.088,2,1.068,0.534
Phones,52.99,1,0.5299,0.53
Binders,9.024,6,3.1584,0.526
Art,9.552,3,1.5522,0.517
Storage,205.92,4,2.0592,0.515
Storage,102.96,2,1.0296,0.515
Art,3.52,2,1.0208,0.51
Art,3.52,2,1.0208,0.51
Art,8.8,5,2.552,0.51
Art,7.04,4,2.0416,0.51
Binders,1.44,1,0.504,0.504
Binders,10.08,7,3.528,0.504
Furnishings,6.696,1,0.5022,0.502
Art,17.856,4,2.0088,0.502
Supplies,6.672,1,0.5004,0.5
Art,16.02,9,4.4856,0.498
Furnishings,17.92,5,2.464,0.493
Furnishings,7.168,2,0.9856,0.493
Furnishings,8.544,4,1.9224,0.481
Storage,12.768,2,0.9576,0.479
Art,20.64,5,2.322,0.464
Phones,160.93,7,3.2186,0.46
Phones,114.95,5,2.299,0.46
Art,10.192,7,3.185,0.455
Art,2.912,2,0.91,0.455
Accessories,2.97,3,1.3365,0.446
Art,3.36,2,0.8736,0.437
Accessories,0.99,1,0.4356,0.436
Art,2.624,1,0.4264,0.426
Art,12.16,5,2.128,0.426
Art,13.12,5,2.132,0.426
Appliances,20.136,3,1.2585,0.42
Storage,83.56,4,1.6712,0.418
Fasteners,3.552,3,1.2432,0.414
Fasteners,2.368,2,0.8288,0.414
Art,16.52,5,2.065,0.413
Art,9.912,3,1.239,0.413
Art,23.128,7,2.891,0.413
Art,9.184,7,2.87,0.41
Phones,90.93,7,2.7279,0.39
Supplies,64.4,5,1.932,0.386
Supplies,25.76,2,0.7728,0.386
Art,23.968,7,2.6964,0.385
Art,6.848,2,0.7704,0.385
Art,10.272,3,1.1556,0.385
Art,5.952,1,0.372,0.372
Art,29.76,5,1.86,0.372
Furnishings,12.32,5,1.848,0.37
Art,5.344,2,0.7348,0.367
Art,4.17,3,1.0842,0.361
Accessories,143.96,5,1.7995,0.36
Art,23.92,5,1.794,0.359
Supplies,6.208,2,0.6984,0.349
Phones,7.92,2,0.693,0.346
Art,19.56,5,1.7115,0.342
Phones,67.8,4,1.356,0.339
Fasteners,7.92,5,1.683,0.337
Storage,8.928,2,0.6696,0.335
Storage,8.928,2,0.6696,0.335
Storage,4.464,1,0.3348,0.335
Storage,13.392,3,1.0044,0.335
Art,18.704,7,2.338,0.334
Art,8.016,3,1.002,0.334
Fasteners,1.824,2,0.6156,0.308
Accessories,47.984,2,0.5998,0.3
Art,10.272,3,0.8988,0.3
Art,5.248,2,0.5904,0.295
Art,5.248,2,0.5904,0.295
Art,5.248,2,0.5904,0.295
Art,5.248,2,0.5904,0.295
Art,7.872,3,0.8856,0.295
Art,20.992,8,2.3616,0.295
Appliances,5.2,2,0.585,0.292
Art,6.912,3,0.864,0.288
Art,8.928,2,0.558,0.279
Art,35.712,8,2.232,0.279
Phones,22.0,5,1.375,0.275
Phones,22.0,5,1.375,0.275
Appliances,17.48,5,1.311,0.262
Appliances,24.472,7,1.8354,0.262
Phones,38.97,3,0.7794,0.26
Accessories,2.376,3,0.7425,0.248
Accessories,1.584,2,0.4752,0.238
Art,4.768,2,0.4768,0.238
Fasteners,23.55,5,1.1775,0.236
Fasteners,14.13,3,0.7065,0.236
Fasteners,2.896,2,0.4706,0.235
Appliances,17.92,5,1.12,0.224
Appliances,14.336,4,0.896,0.224
Storage,87.92,4,0.8792,0.22
Art,6.408,3,0.6408,0.214
Furnishings,2.784,2,0.4176,0.209
Supplies,3.328,2,0.416,0.208
Storage,40.68,2,0.4068,0.203
Storage,61.02,3,0.6102,0.203
Art,19.728,9,1.7262,0.192
Art,6.576,3,0.5754,0.192
Accessories,122.328,9,1.5291,0.17
Accessories,40.776,3,0.5097,0.17
Art,8.896,4,0.6672,0.167
Art,13.344,6,1.0008,0.167
Art,12.672,9,1.4256,0.158
Art,10.608,6,0.9282,0.155
Art,8.256,4,0.6192,0.155
Art,2.064,1,0.1548,0.155
Art,8.76,5,0.7665,0.153
Art,12.264,7,1.0731,0.153
Art,1.752,1,0.1533,0.153
Art,10.192,7,1.0192,0.146
Art,7.12,5,0.712,0.142
Storage,83.76,12,1.6752,0.14
Storage,48.86,7,0.9772,0.14
Phones,7.92,5,0.693,0.139
Storage,54.32,4,0.5432,0.136
Art,4.368,3,0.3822,0.127
Accessories,27.192,3,0.3399,0.113
Art,9.408,7,0.7056,0.101
Supplies,4.36,2,0.1744,0.087
Supplies,4.36,2,0.1744,0.087
Art,6.672,6,0.5004,0.083
Fasteners,11.22,3,0.2244,0.075
Fasteners,5.58,3,0.1674,0.056
Fasteners,13.02,7,0.3906,0.056
Fasteners,2.52,2,0.1008,0.05
Fasteners,5.94,3,0.1188,0.04
Fasteners,5.67,3,0.1134,0.038
